"appl_type","appl_no","product_no","exclcode","excldatestr","excldate"
"A",65488,1,"PC","Mar 26, 2018",3/26/2018
"A",65488,2,"PC","Mar 26, 2018",3/26/2018
"A",78276,1,"PC","Apr 24, 2017",4/24/2017
"A",78276,2,"PC","Apr 24, 2017",4/24/2017
"A",78276,3,"PC","Apr 24, 2017",4/24/2017
"A",78340,1,"PC","Jul 30, 2016",7/30/2016
"A",78340,2,"PC","Jul 30, 2016",7/30/2016
"A",78560,1,"PC","Jun 10, 2017",6/10/2017
"A",78827,1,"PC","Apr 24, 2017",4/24/2017
"A",78827,2,"PC","Apr 24, 2017",4/24/2017
"A",78827,3,"PC","Apr 24, 2017",4/24/2017
"A",79168,1,"PC","Oct 29, 2016",10/29/2016
"A",79168,2,"PC","Oct 29, 2016",10/29/2016
"A",79168,3,"PC","Oct 29, 2016",10/29/2016
"A",79168,4,"PC","Oct 29, 2016",10/29/2016
"A",79246,1,"PC","Mar 28, 2017",3/28/2017
"A",90431,3,"PC","Nov 19, 2016",11/19/2016
"A",90431,5,"PC","Nov 15, 2016",11/15/2016
"A",90681,4,"PC","Apr 30, 2017",4/30/2017
"A",90848,1,"PC","Dec 5, 2017",12/5/2017
"A",91664,1,"PC","Jul 30, 2016",7/30/2016
"A",91664,2,"PC","Jul 30, 2016",7/30/2016
"A",200043,1,"PC","Nov 28, 2016",11/28/2016
"A",200043,2,"PC","Nov 28, 2016",11/28/2016
"A",200043,3,"PC","Nov 28, 2016",11/28/2016
"A",200156,4,"PC","Nov 28, 2016",11/28/2016
"A",201107,1,"PC","Mar 14, 2018",3/14/2018
"A",201823,1,"PC","Jul 1, 2017",7/1/2017
"A",201823,2,"PC","Jul 1, 2017",7/1/2017
"A",201950,1,"PC","Jul 1, 2017",7/1/2017
"A",201950,2,"PC","Jul 1, 2017",7/1/2017
"A",202206,6,"PC","Jan 1, 2017",1/1/2017
"A",202298,1,"PC","Jul 27, 2016",7/27/2016
"A",202842,5,"PC","Jul 4, 2017",7/4/2017
"A",202842,7,"PC","Jul 4, 2017",7/4/2017
"A",203593,1,"PC","Apr 9, 2017",4/9/2017
"A",203790,1,"PC","Jan 23, 2018",1/23/2018
"A",204003,1,"PC","Aug 28, 2017",8/28/2017
"A",204003,2,"PC","Aug 28, 2017",8/28/2017
"A",204028,1,"PC","Aug 28, 2017",8/28/2017
"A",204028,2,"PC","Aug 28, 2017",8/28/2017
"A",204029,1,"PC","Nov 5, 2017",11/5/2017
"A",204065,1,"PC","Jan 25, 2017",1/25/2017
"A",204065,2,"PC","Aug 28, 2017",8/28/2017
"A",204065,3,"PC","Aug 28, 2017",8/28/2017
"A",204082,1,"PC","Aug 28, 2017",8/28/2017
"A",204083,1,"PC","Aug 28, 2017",8/28/2017
"A",204095,1,"PC","Aug 28, 2017",8/28/2017
"A",204095,2,"PC","Aug 28, 2017",8/28/2017
"A",204172,1,"PC","Aug 28, 2017",8/28/2017
"A",204172,2,"PC","Aug 28, 2017",8/28/2017
"A",204299,1,"PC","Sep 18, 2016",9/18/2016
"A",204299,2,"PC","Sep 18, 2016",9/18/2016
"A",205256,1,"PC","Apr 15, 2017",4/15/2017
"A",205927,1,"PC","Feb 11, 2018",2/11/2018
"A",205927,2,"PC","Feb 11, 2018",2/11/2018
"A",205943,1,"PC","Sep 30, 2017",9/30/2017
"A",206263,1,"PC","Feb 11, 2017",2/11/2017
"A",206287,1,"PC","Sep 11, 2017",9/11/2017
"A",207058,1,"PC","Dec 4, 2016",12/4/2016
"A",207058,2,"PC","Dec 4, 2016",12/4/2016
"A",207058,3,"PC","Dec 4, 2016",12/4/2016
"N",8372,8,"ODE","Oct 15, 2017",10/15/2017
"N",9190,1,"ODE","Apr 4, 2021",4/4/2021
"N",11366,2,"ODE","Aug 7, 2022",8/7/2022
"N",17858,1,"ODE","Aug 13, 2019",8/13/2019
"N",18936,1,"NPP","Jul 26, 2016",7/26/2016
"N",18936,3,"NPP","Jul 26, 2016",7/26/2016
"N",18936,4,"NPP","Jul 26, 2016",7/26/2016
"N",18936,6,"NPP","Jul 26, 2016",7/26/2016
"N",19599,2,"M-191","Nov 10, 2019",11/10/2019
"N",20140,1,"ODE","Apr 29, 2018",4/29/2018
"N",20140,2,"ODE","Apr 29, 2018",4/29/2018
"N",20140,3,"ODE","Apr 29, 2018",4/29/2018
"N",20241,1,"M-159","May 18, 2018",5/18/2018
"N",20241,2,"M-159","May 18, 2018",5/18/2018
"N",20241,3,"M-159","May 18, 2018",5/18/2018
"N",20241,4,"M-159","May 18, 2018",5/18/2018
"N",20241,5,"M-159","May 18, 2018",5/18/2018
"N",20241,6,"M-159","May 18, 2018",5/18/2018
"N",20351,2,"I-752","Apr 5, 2020",4/5/2020
"N",20380,2,"RTO","Jul 8, 2019",7/8/2019
"N",20427,1,"NPP","Oct 26, 2016",10/26/2016
"N",20427,1,"PED","Apr 26, 2017",4/26/2017
"N",20505,1,"NPP","Mar 28, 2017",3/28/2017
"N",20505,2,"NPP","Mar 28, 2017",3/28/2017
"N",20505,3,"NPP","Mar 28, 2017",3/28/2017
"N",20505,4,"NPP","Mar 28, 2017",3/28/2017
"N",20505,5,"NPP","Mar 28, 2017",3/28/2017
"N",20505,6,"NPP","Mar 28, 2017",3/28/2017
"N",20564,1,"D-147","Mar 23, 2018",3/23/2018
"N",20564,3,"D-147","Mar 23, 2018",3/23/2018
"N",20592,1,"NPP","Jul 26, 2016",7/26/2016
"N",20592,2,"NPP","Jul 26, 2016",7/26/2016
"N",20592,3,"NPP","Jul 26, 2016",7/26/2016
"N",20592,4,"NPP","Jul 26, 2016",7/26/2016
"N",20592,5,"NPP","Jul 26, 2016",7/26/2016
"N",20592,6,"NPP","Jul 26, 2016",7/26/2016
"N",20596,1,"D-147","Mar 23, 2018",3/23/2018
"N",20622,3,"NP","Jan 28, 2017",1/28/2017
"N",20702,1,"M-204","Jun 23, 2020",6/23/2020
"N",20702,2,"M-204","Jun 23, 2020",6/23/2020
"N",20725,4,"M-93","Jul 29, 2019",7/29/2019
"N",20725,5,"M-93","Jul 29, 2019",7/29/2019
"N",20764,1,"M-159","May 18, 2018",5/18/2018
"N",20764,2,"M-159","May 18, 2018",5/18/2018
"N",20764,3,"M-159","May 18, 2018",5/18/2018
"N",20764,4,"M-159","May 18, 2018",5/18/2018
"N",20808,2,"I-752","Apr 5, 2020",4/5/2020
"N",20837,1,"M-151","Jan 22, 2018",1/22/2018
"N",20837,2,"M-151","Jan 22, 2018",1/22/2018
"N",20837,3,"M-151","Jan 22, 2018",1/22/2018
"N",20837,4,"M-151","Jan 22, 2018",1/22/2018
"N",20844,1,"NPP","Mar 28, 2017",3/28/2017
"N",20844,2,"NPP","Mar 28, 2017",3/28/2017
"N",20844,3,"NPP","Mar 28, 2017",3/28/2017
"N",20845,3,"M-167","Oct 9, 2018",10/9/2018
"N",20896,1,"M-131","Dec 10, 2016",12/10/2016
"N",20896,1,"PED","Jun 10, 2017",6/10/2017
"N",20896,2,"M-131","Dec 10, 2016",12/10/2016
"N",20896,2,"PED","Jun 10, 2017",6/10/2017
"N",20972,1,"PED","Nov 2, 2016",11/2/2016
"N",20972,3,"PED","Nov 2, 2016",11/2/2016
"N",20977,1,"D-147","Mar 23, 2018",3/23/2018
"N",20978,1,"D-147","Mar 23, 2018",3/23/2018
"N",21055,1,"M-164","Jul 29, 2018",7/29/2018
"N",21083,1,"ODE","May 28, 2022",5/28/2022
"N",21085,1,"M-185","Sep 27, 2019",9/27/2019
"N",21086,1,"NPP","Jul 26, 2016",7/26/2016
"N",21086,2,"NPP","Jul 26, 2016",7/26/2016
"N",21086,3,"NPP","Jul 26, 2016",7/26/2016
"N",21086,4,"NPP","Jul 26, 2016",7/26/2016
"N",21110,1,"ODE","May 28, 2022",5/28/2022
"N",21110,2,"ODE","May 28, 2022",5/28/2022
"N",21110,3,"ODE","May 28, 2022",5/28/2022
"N",21110,4,"ODE","May 28, 2022",5/28/2022
"N",21152,1,"NPP","Jan 16, 2018",1/16/2018
"N",21247,1,"M-128","Aug 28, 2016",8/28/2016
"N",21252,1,"M-187","Sep 2, 2019",9/2/2019
"N",21277,1,"M-185","Sep 27, 2019",9/27/2019
"N",21289,1,"D-139","Feb 19, 2017",2/19/2017
"N",21304,1,"D-148","Apr 23, 2018",4/23/2018
"N",21304,1,"NPP","Apr 23, 2018",4/23/2018
"N",21324,1,"M-178","Apr 29, 2019",4/29/2019
"N",21324,1,"NPP","Apr 29, 2019",4/29/2019
"N",21344,1,"I-725","Feb 19, 2019",2/19/2019
"N",21344,1,"I-749","Aug 25, 2020",8/25/2020
"N",21356,1,"M-128","Jul 24, 2016",7/24/2016
"N",21356,1,"ODE","Mar 24, 2017",3/24/2017
"N",21356,1,"PED","Sep 24, 2017",9/24/2017
"N",21356,2,"M-128","Jul 24, 2016",7/24/2016
"N",21356,2,"ODE","Mar 24, 2017",3/24/2017
"N",21356,2,"PED","Sep 24, 2017",9/24/2017
"N",21356,3,"M-128","Jul 24, 2016",7/24/2016
"N",21356,3,"ODE","Mar 24, 2017",3/24/2017
"N",21356,3,"PED","Sep 24, 2017",9/24/2017
"N",21356,4,"M-128","Jul 24, 2016",7/24/2016
"N",21356,4,"ODE","Mar 24, 2017",3/24/2017
"N",21356,4,"PED","Sep 24, 2017",9/24/2017
"N",21360,2,"PED","Nov 2, 2016",11/2/2016
"N",21366,2,"NPP","Nov 20, 2018",11/20/2018
"N",21366,2,"ODE","May 27, 2023",5/27/2023
"N",21366,3,"NPP","Nov 20, 2018",11/20/2018
"N",21366,3,"ODE","May 27, 2023",5/27/2023
"N",21366,4,"I-732","May 27, 2019",5/27/2019
"N",21366,4,"NPP","Nov 20, 2018",11/20/2018
"N",21366,4,"ODE","May 27, 2023",5/27/2023
"N",21366,5,"ODE","May 27, 2023",5/27/2023
"N",21372,1,"I-684","May 27, 2017",5/27/2017
"N",21372,1,"M-136","May 27, 2017",5/27/2017
"N",21372,1,"PED","Nov 27, 2017",11/27/2017
"N",21372,1,"PED","Nov 27, 2017",11/27/2017
"N",21372,2,"I-684","May 27, 2017",5/27/2017
"N",21372,2,"M-136","May 27, 2017",5/27/2017
"N",21372,2,"PED","Nov 27, 2017",11/27/2017
"N",21372,2,"PED","Nov 27, 2017",11/27/2017
"N",21427,1,"NPP","Oct 16, 2017",10/16/2017
"N",21427,1,"NPP","Oct 16, 2017",10/16/2017
"N",21427,2,"NPP","Oct 16, 2017",10/16/2017
"N",21427,2,"NPP","Oct 16, 2017",10/16/2017
"N",21427,4,"NPP","Oct 16, 2017",10/16/2017
"N",21427,4,"NPP","Oct 16, 2017",10/16/2017
"N",21436,1,"I-700","Dec 12, 2017",12/12/2017
"N",21436,1,"M-137","Jun 9, 2017",6/9/2017
"N",21436,1,"ODE","Dec 12, 2021",12/12/2021
"N",21436,2,"I-700","Dec 12, 2017",12/12/2017
"N",21436,2,"M-137","Jun 9, 2017",6/9/2017
"N",21436,2,"ODE","Dec 12, 2021",12/12/2021
"N",21436,3,"I-700","Dec 12, 2017",12/12/2017
"N",21436,3,"M-137","Jun 9, 2017",6/9/2017
"N",21436,3,"ODE","Dec 12, 2021",12/12/2021
"N",21436,4,"I-700","Dec 12, 2017",12/12/2017
"N",21436,4,"M-137","Jun 9, 2017",6/9/2017
"N",21436,4,"ODE","Dec 12, 2021",12/12/2021
"N",21436,5,"I-700","Dec 12, 2017",12/12/2017
"N",21436,5,"M-137","Jun 9, 2017",6/9/2017
"N",21436,5,"ODE","Dec 12, 2021",12/12/2021
"N",21436,6,"I-700","Dec 12, 2017",12/12/2017
"N",21436,6,"M-137","Jun 9, 2017",6/9/2017
"N",21436,6,"ODE","Dec 12, 2021",12/12/2021
"N",21446,1,"M-193","Dec 22, 2019",12/22/2019
"N",21446,2,"M-193","Dec 22, 2019",12/22/2019
"N",21446,3,"M-193","Dec 22, 2019",12/22/2019
"N",21446,4,"M-193","Dec 22, 2019",12/22/2019
"N",21446,5,"M-193","Dec 22, 2019",12/22/2019
"N",21446,6,"M-193","Dec 22, 2019",12/22/2019
"N",21446,7,"M-193","Dec 22, 2019",12/22/2019
"N",21446,8,"M-193","Dec 22, 2019",12/22/2019
"N",21450,3,"NPP","Jun 12, 2018",6/12/2018
"N",21450,4,"NPP","Jun 12, 2018",6/12/2018
"N",21520,1,"M-142","Oct 10, 2017",10/10/2017
"N",21520,1,"NPP","Jul 26, 2016",7/26/2016
"N",21520,2,"M-142","Oct 10, 2017",10/10/2017
"N",21520,2,"NPP","Jul 26, 2016",7/26/2016
"N",21520,3,"M-142","Oct 10, 2017",10/10/2017
"N",21520,3,"NPP","Jul 26, 2016",7/26/2016
"N",21520,4,"M-142","Oct 10, 2017",10/10/2017
"N",21520,4,"NPP","Jul 26, 2016",7/26/2016
"N",21520,5,"M-142","Oct 10, 2017",10/10/2017
"N",21520,5,"NPP","Jul 26, 2016",7/26/2016
"N",21549,1,"NPP","Aug 28, 2018",8/28/2018
"N",21549,2,"NPP","Aug 28, 2018",8/28/2018
"N",21549,3,"NPP","Aug 28, 2018",8/28/2018
"N",21572,2,"M-211","Sep 1, 2020",9/1/2020
"N",21572,2,"NPP","Mar 29, 2020",3/29/2020
"N",21572,3,"M-211","Sep 1, 2020",9/1/2020
"N",21572,3,"NPP","Mar 29, 2020",3/29/2020
"N",21588,1,"ODE","Jan 25, 2020",1/25/2020
"N",21588,2,"ODE","Jan 25, 2020",1/25/2020
"N",21602,1,"D-141","Oct 8, 2017",10/8/2017
"N",21602,1,"D-142","Oct 8, 2017",10/8/2017
"N",21602,1,"I-695","Oct 8, 2017",10/8/2017
"N",21602,1,"M-139","Aug 8, 2017",8/8/2017
"N",21602,1,"M-165","Sep 14, 2018",9/14/2018
"N",21602,1,"ODE","Oct 8, 2021",10/8/2021
"N",21602,1,"PED","Apr 8, 2018",4/8/2018
"N",21602,1,"PED","Apr 8, 2018",4/8/2018
"N",21602,1,"PED","Apr 8, 2018",4/8/2018
"N",21602,1,"PED","Apr 8, 2022",4/8/2022
"N",21602,1,"PED","Feb 8, 2018",2/8/2018
"N",21602,1,"PED","Mar 14, 2019",3/14/2019
"N",21606,1,"NPP","Oct 18, 2019",10/18/2019
"N",21606,1,"NPP","Oct 18, 2019",10/18/2019
"N",21606,1,"ODE","Oct 18, 2023",10/18/2023
"N",21606,2,"NPP","Oct 18, 2019",10/18/2019
"N",21606,2,"NPP","Oct 18, 2019",10/18/2019
"N",21606,2,"ODE","Oct 18, 2023",10/18/2023
"N",21606,3,"NPP","Oct 18, 2019",10/18/2019
"N",21606,3,"NPP","Oct 18, 2019",10/18/2019
"N",21606,3,"ODE","Oct 18, 2023",10/18/2023
"N",21641,1,"I-685","May 29, 2017",5/29/2017
"N",21641,2,"I-685","May 29, 2017",5/29/2017
"N",21660,1,"I-676","Sep 6, 2016",9/6/2016
"N",21660,1,"ODE","Sep 6, 2020",9/6/2020
"N",21663,1,"D-139","Feb 19, 2017",2/19/2017
"N",21688,1,"M-200","May 23, 2020",5/23/2020
"N",21688,1,"ODE","Feb 25, 2018",2/25/2018
"N",21688,1,"ODE","Nov 21, 2021",11/21/2021
"N",21688,2,"M-200","May 23, 2020",5/23/2020
"N",21688,2,"ODE","Feb 25, 2018",2/25/2018
"N",21688,2,"ODE","Nov 21, 2021",11/21/2021
"N",21688,3,"M-200","May 23, 2020",5/23/2020
"N",21688,3,"ODE","Feb 25, 2018",2/25/2018
"N",21688,3,"ODE","Nov 21, 2021",11/21/2021
"N",21689,1,"D-138","Mar 4, 2017",3/4/2017
"N",21689,1,"I-679","Mar 4, 2017",3/4/2017
"N",21689,2,"D-138","Mar 4, 2017",3/4/2017
"N",21689,2,"I-679","Mar 4, 2017",3/4/2017
"N",21713,1,"I-700","Dec 12, 2017",12/12/2017
"N",21713,1,"M-137","Jun 9, 2017",6/9/2017
"N",21713,1,"ODE","Dec 12, 2021",12/12/2021
"N",21729,2,"I-700","Dec 12, 2017",12/12/2017
"N",21729,2,"M-137","Jun 9, 2017",6/9/2017
"N",21729,2,"ODE","Dec 12, 2021",12/12/2021
"N",21729,3,"I-700","Dec 12, 2017",12/12/2017
"N",21729,3,"M-137","Jun 9, 2017",6/9/2017
"N",21729,3,"ODE","Dec 12, 2021",12/12/2021
"N",21729,4,"I-700","Dec 12, 2017",12/12/2017
"N",21729,4,"M-137","Jun 9, 2017",6/9/2017
"N",21729,4,"ODE","Dec 12, 2021",12/12/2021
"N",21729,5,"I-700","Dec 12, 2017",12/12/2017
"N",21729,5,"M-137","Jun 9, 2017",6/9/2017
"N",21729,5,"ODE","Dec 12, 2021",12/12/2021
"N",21730,1,"M-156","Mar 12, 2018",3/12/2018
"N",21743,1,"D-164","May 20, 2019",5/20/2019
"N",21743,1,"M-181","Jun 1, 2019",6/1/2019
"N",21743,1,"M-190","Oct 18, 2019",10/18/2019
"N",21743,2,"D-164","May 20, 2019",5/20/2019
"N",21743,2,"M-181","Jun 1, 2019",6/1/2019
"N",21743,2,"M-190","Oct 18, 2019",10/18/2019
"N",21743,3,"D-164","May 20, 2019",5/20/2019
"N",21743,3,"M-181","Jun 1, 2019",6/1/2019
"N",21743,3,"M-190","Oct 18, 2019",10/18/2019
"N",21773,1,"M-148","Nov 24, 2017",11/24/2017
"N",21773,2,"M-148","Nov 24, 2017",11/24/2017
"N",21775,1,"M-128","Oct 18, 2016",10/18/2016
"N",21797,1,"NPP","Mar 20, 2017",3/20/2017
"N",21797,1,"PED","Sep 20, 2017",9/20/2017
"N",21797,2,"NPP","Mar 20, 2017",3/20/2017
"N",21797,2,"PED","Sep 20, 2017",9/20/2017
"N",21798,1,"NPP","Mar 20, 2017",3/20/2017
"N",21798,1,"PED","Sep 20, 2017",9/20/2017
"N",21812,2,"NP","Feb 28, 2017",2/28/2017
"N",21825,1,"NCE","Oct 14, 2016",10/14/2016
"N",21825,1,"ODE","Oct 14, 2018",10/14/2018
"N",21845,1,"D-137","Jan 31, 2017",1/31/2017
"N",21845,1,"M-133","Jan 31, 2017",1/31/2017
"N",21852,1,"NPP","Dec 23, 2017",12/23/2017
"N",21856,1,"M-205","Aug 15, 2020",8/15/2020
"N",21856,2,"M-205","Aug 15, 2020",8/15/2020
"N",21866,1,"I-700","Dec 12, 2017",12/12/2017
"N",21866,1,"M-137","Jun 9, 2017",6/9/2017
"N",21866,1,"ODE","Dec 12, 2021",12/12/2021
"N",21880,1,"I-706","Feb 17, 2018",2/17/2018
"N",21880,1,"ODE","Feb 17, 2022",2/17/2022
"N",21880,1,"ODE","Feb 22, 2024",2/22/2024
"N",21880,1,"ODE","Jun 5, 2020",6/5/2020
"N",21880,2,"I-706","Feb 17, 2018",2/17/2018
"N",21880,2,"ODE","Feb 17, 2022",2/17/2022
"N",21880,2,"ODE","Feb 22, 2024",2/22/2024
"N",21880,2,"ODE","Jun 5, 2020",6/5/2020
"N",21880,3,"I-706","Feb 17, 2018",2/17/2018
"N",21880,3,"ODE","Feb 17, 2022",2/17/2022
"N",21880,3,"ODE","Feb 22, 2024",2/22/2024
"N",21880,3,"ODE","Jun 5, 2020",6/5/2020
"N",21880,4,"I-706","Feb 17, 2018",2/17/2018
"N",21880,4,"ODE","Feb 17, 2022",2/17/2022
"N",21880,4,"ODE","Feb 22, 2024",2/22/2024
"N",21880,4,"ODE","Jun 5, 2020",6/5/2020
"N",21880,5,"I-706","Feb 17, 2018",2/17/2018
"N",21880,5,"ODE","Feb 17, 2022",2/17/2022
"N",21880,5,"ODE","Feb 22, 2024",2/22/2024
"N",21880,5,"ODE","Jun 5, 2020",6/5/2020
"N",21880,6,"I-706","Feb 17, 2018",2/17/2018
"N",21880,6,"ODE","Feb 17, 2022",2/17/2022
"N",21880,6,"ODE","Feb 22, 2024",2/22/2024
"N",21880,6,"ODE","Jun 5, 2020",6/5/2020
"N",21882,1,"ODE","Jan 23, 2020",1/23/2020
"N",21882,2,"ODE","Jan 23, 2020",1/23/2020
"N",21882,3,"ODE","Jan 23, 2020",1/23/2020
"N",21883,1,"D-154","Jan 20, 2019",1/20/2019
"N",21883,1,"GAIN","May 23, 2024",5/23/2024
"N",21883,1,"NCE","May 23, 2019",5/23/2019
"N",21923,1,"I-677","Nov 22, 2016",11/22/2016
"N",21923,1,"ODE","Nov 22, 2020",11/22/2020
"N",21926,2,"NP","May 14, 2018",5/14/2018
"N",21926,2,"PED","Nov 14, 2018",11/14/2018
"N",21928,1,"M-143","Oct 15, 2017",10/15/2017
"N",21928,1,"M-144","Oct 15, 2017",10/15/2017
"N",21928,1,"M-183","Aug 12, 2019",8/12/2019
"N",21928,1,"M-192","Dec 16, 2019",12/16/2019
"N",21928,2,"M-143","Oct 15, 2017",10/15/2017
"N",21928,2,"M-144","Oct 15, 2017",10/15/2017
"N",21928,2,"M-183","Aug 12, 2019",8/12/2019
"N",21928,2,"M-192","Dec 16, 2019",12/16/2019
"N",21929,1,"M-210","Sep 11, 2020",9/11/2020
"N",21929,1,"NPP","Jan 27, 2020",1/27/2020
"N",21929,1,"PED","Jul 27, 2020",7/27/2020
"N",21929,2,"M-210","Sep 11, 2020",9/11/2020
"N",21936,1,"NP","Sep 24, 2017",9/24/2017
"N",21936,1,"NPP","Feb 15, 2020",2/15/2020
"N",21936,1,"PED","Aug 15, 2020",8/15/2020
"N",21936,1,"PED","Mar 24, 2018",3/24/2018
"N",21936,2,"NP","Sep 15, 2018",9/15/2018
"N",21936,2,"NPP","Feb 15, 2020",2/15/2020
"N",21936,2,"PED","Aug 15, 2020",8/15/2020
"N",21936,2,"PED","Mar 15, 2019",3/15/2019
"N",21945,1,"ODE","Feb 3, 2018",2/3/2018
"N",21945,2,"ODE","Mar 3, 2018",3/3/2018
"N",21976,1,"PED","Aug 1, 2016",8/1/2016
"N",21976,2,"PED","Aug 1, 2016",8/1/2016
"N",21976,3,"PED","Aug 1, 2016",8/1/2016
"N",21976,4,"PED","Aug 1, 2016",8/1/2016
"N",21976,5,"PED","Aug 1, 2016",8/1/2016
"N",21976,6,"PED","Aug 1, 2016",8/1/2016
"N",21977,1,"I-703","Jan 30, 2018",1/30/2018
"N",21977,1,"M-188","Oct 14, 2019",10/14/2019
"N",21977,2,"I-703","Jan 30, 2018",1/30/2018
"N",21977,2,"M-188","Oct 14, 2019",10/14/2019
"N",21977,3,"I-703","Jan 30, 2018",1/30/2018
"N",21977,3,"M-188","Oct 14, 2019",10/14/2019
"N",21977,4,"I-703","Jan 30, 2018",1/30/2018
"N",21977,4,"M-188","Oct 14, 2019",10/14/2019
"N",21977,5,"I-703","Jan 30, 2018",1/30/2018
"N",21977,5,"M-188","Oct 14, 2019",10/14/2019
"N",21977,6,"I-703","Jan 30, 2018",1/30/2018
"N",21977,6,"M-188","Oct 14, 2019",10/14/2019
"N",21977,7,"I-703","Jan 30, 2018",1/30/2018
"N",21977,7,"M-188","Oct 14, 2019",10/14/2019
"N",22006,1,"NPP","Oct 26, 2016",10/26/2016
"N",22006,1,"ODE","Aug 21, 2016",8/21/2016
"N",22006,1,"PED","Apr 26, 2017",4/26/2017
"N",22006,1,"PED","Feb 21, 2017",2/21/2017
"N",22008,1,"M-203","Mar 23, 2020",3/23/2020
"N",22008,2,"M-203","Mar 23, 2020",3/23/2020
"N",22008,3,"M-203","Mar 23, 2020",3/23/2020
"N",22008,4,"M-203","Mar 23, 2020",3/23/2020
"N",22008,5,"M-203","Mar 23, 2020",3/23/2020
"N",22008,6,"M-203","Mar 23, 2020",3/23/2020
"N",22023,2,"D-155","Feb 1, 2019",2/1/2019
"N",22037,1,"D-145","Nov 19, 2017",11/19/2017
"N",22037,1,"M-154","Mar 18, 2018",3/18/2018
"N",22037,1,"PED","May 19, 2018",5/19/2018
"N",22037,2,"D-145","Nov 19, 2017",11/19/2017
"N",22037,2,"M-154","Mar 18, 2018",3/18/2018
"N",22037,2,"PED","May 19, 2018",5/19/2018
"N",22037,3,"D-145","Nov 19, 2017",11/19/2017
"N",22037,3,"M-154","Mar 18, 2018",3/18/2018
"N",22037,3,"PED","May 19, 2018",5/19/2018
"N",22037,4,"D-145","Nov 19, 2017",11/19/2017
"N",22037,4,"M-154","Mar 18, 2018",3/18/2018
"N",22037,4,"PED","May 19, 2018",5/19/2018
"N",22063,1,"NP","Jun 20, 2020",6/20/2020
"N",22063,2,"NP","Jun 20, 2020",6/20/2020
"N",22063,3,"NP","Jun 20, 2020",6/20/2020
"N",22063,4,"NP","Jun 20, 2020",6/20/2020
"N",22074,1,"I-701","Dec 19, 2017",12/19/2017
"N",22074,1,"I-754","Sep 15, 2020",9/15/2020
"N",22074,1,"ODE","Dec 16, 2021",12/16/2021
"N",22074,2,"I-701","Dec 19, 2017",12/19/2017
"N",22074,2,"I-754","Sep 15, 2020",9/15/2020
"N",22074,2,"ODE","Dec 16, 2021",12/16/2021
"N",22074,3,"I-701","Dec 19, 2017",12/19/2017
"N",22074,3,"I-754","Sep 15, 2020",9/15/2020
"N",22074,3,"ODE","Dec 16, 2021",12/16/2021
"N",22081,1,"I-716","Oct 2, 2018",10/2/2018
"N",22081,2,"I-716","Oct 2, 2018",10/2/2018
"N",22090,1,"M-155","Mar 27, 2018",3/27/2018
"N",22090,2,"M-155","Mar 27, 2018",3/27/2018
"N",22117,1,"D-166","Jan 13, 2020",1/13/2020
"N",22117,1,"I-597","Jan 13, 2020",1/13/2020
"N",22117,1,"M-158","Mar 17, 2018",3/17/2018
"N",22117,1,"NPP","Mar 17, 2018",3/17/2018
"N",22117,1,"PED","Sep 17, 2018",9/17/2018
"N",22117,1,"PED","Sep 17, 2018",9/17/2018
"N",22117,2,"D-166","Jan 13, 2020",1/13/2020
"N",22117,2,"I-597","Jan 13, 2020",1/13/2020
"N",22117,2,"M-158","Mar 17, 2018",3/17/2018
"N",22117,2,"NPP","Mar 17, 2018",3/17/2018
"N",22117,2,"PED","Sep 17, 2018",9/17/2018
"N",22117,2,"PED","Sep 17, 2018",9/17/2018
"N",22117,3,"D-166","Jan 13, 2020",1/13/2020
"N",22117,3,"I-597","Jan 13, 2020",1/13/2020
"N",22127,1,"NPP","Nov 25, 2019",11/25/2019
"N",22128,1,"NPP","Nov 4, 2019",11/4/2019
"N",22128,1,"NS","Nov 4, 2019",11/4/2019
"N",22128,2,"NPP","Nov 4, 2019",11/4/2019
"N",22128,2,"NS","Nov 4, 2019",11/4/2019
"N",22128,3,"NPP","Nov 4, 2019",11/4/2019
"N",22128,3,"NS","Nov 4, 2019",11/4/2019
"N",22128,4,"NPP","Nov 4, 2019",11/4/2019
"N",22128,4,"NS","Nov 4, 2019",11/4/2019
"N",22145,1,"D-167","May 26, 2020",5/26/2020
"N",22145,1,"PED","Nov 26, 2020",11/26/2020
"N",22145,2,"NS","May 26, 2020",5/26/2020
"N",22145,2,"PED","Nov 26, 2020",11/26/2020
"N",22150,1,"NCE","Aug 25, 2016",8/25/2016
"N",22150,1,"ODE","Aug 25, 2018",8/25/2018
"N",22159,1,"NPP","Mar 18, 2019",3/18/2019
"N",22161,1,"M-194","Jan 17, 2020",1/17/2020
"N",22175,1,"NCE","May 17, 2017",5/17/2017
"N",22175,2,"NCE","May 17, 2017",5/17/2017
"N",22181,1,"NPP","Apr 23, 2017",4/23/2017
"N",22181,1,"PED","Oct 23, 2017",10/23/2017
"N",22185,1,"NPP","Aug 29, 2017",8/29/2017
"N",22192,1,"M-180","May 26, 2019",5/26/2019
"N",22192,2,"M-180","May 26, 2019",5/26/2019
"N",22192,3,"M-180","May 26, 2019",5/26/2019
"N",22192,4,"M-180","May 26, 2019",5/26/2019
"N",22192,5,"M-180","May 26, 2019",5/26/2019
"N",22192,6,"M-180","May 26, 2019",5/26/2019
"N",22192,7,"M-180","May 26, 2019",5/26/2019
"N",22200,1,"M-162","Sep 24, 2018",9/24/2018
"N",22203,1,"M-129","Aug 30, 2016",8/30/2016
"N",22203,1,"NPP","Aug 30, 2016",8/30/2016
"N",22203,1,"NPP","Feb 20, 2018",2/20/2018
"N",22203,1,"NPP","Feb 20, 2018",2/20/2018
"N",22203,2,"M-129","Aug 30, 2016",8/30/2016
"N",22203,2,"NPP","Aug 30, 2016",8/30/2016
"N",22211,1,"ODE","Sep 15, 2016",9/15/2016
"N",22212,1,"ODE","Jun 13, 2019",6/13/2019
"N",22212,1,"PED","Dec 13, 2019",12/13/2019
"N",22212,1,"PED","Sep 22, 2016",9/22/2016
"N",22219,1,"NP","Mar 5, 2017",3/5/2017
"N",22222,1,"NCE","Mar 1, 2017",3/1/2017
"N",22222,2,"NCE","Mar 1, 2017",3/1/2017
"N",22222,3,"NCE","Mar 1, 2017",3/1/2017
"N",22225,1,"NCE","Dec 15, 2020",12/15/2020
"N",22225,2,"NCE","Dec 15, 2020",12/15/2020
"N",22247,1,"NCE","Oct 13, 2018",10/13/2018
"N",22247,1,"NP","Oct 3, 2016",10/3/2016
"N",22250,1,"ODE","Jan 22, 2017",1/22/2017
"N",22251,1,"M-159","May 18, 2018",5/18/2018
"N",22251,2,"M-159","May 18, 2018",5/18/2018
"N",22251,3,"M-159","May 18, 2018",5/18/2018
"N",22251,4,"M-159","May 18, 2018",5/18/2018
"N",22253,1,"D-143","Aug 29, 2017",8/29/2017
"N",22253,1,"D-144","Aug 29, 2017",8/29/2017
"N",22253,1,"I-696","Aug 29, 2017",8/29/2017
"N",22253,2,"D-143","Aug 29, 2017",8/29/2017
"N",22253,2,"D-144","Aug 29, 2017",8/29/2017
"N",22253,2,"I-696","Aug 29, 2017",8/29/2017
"N",22253,3,"D-143","Aug 29, 2017",8/29/2017
"N",22253,3,"D-144","Aug 29, 2017",8/29/2017
"N",22253,3,"I-696","Aug 29, 2017",8/29/2017
"N",22253,4,"D-143","Aug 29, 2017",8/29/2017
"N",22253,4,"D-144","Aug 29, 2017",8/29/2017
"N",22253,4,"I-696","Aug 29, 2017",8/29/2017
"N",22254,1,"D-143","Aug 29, 2017",8/29/2017
"N",22254,1,"D-144","Aug 29, 2017",8/29/2017
"N",22254,1,"I-696","Aug 29, 2017",8/29/2017
"N",22255,1,"D-143","Aug 29, 2017",8/29/2017
"N",22255,1,"D-144","Aug 29, 2017",8/29/2017
"N",22255,1,"I-696","Aug 29, 2017",8/29/2017
"N",22257,1,"D-148","Apr 23, 2018",4/23/2018
"N",22257,1,"NPP","Apr 23, 2018",4/23/2018
"N",22259,1,"NP","Sep 18, 2018",9/18/2018
"N",22264,1,"I-698","Nov 12, 2017",11/12/2017
"N",22264,2,"I-698","Nov 12, 2017",11/12/2017
"N",22264,3,"I-698","Nov 12, 2017",11/12/2017
"N",22264,4,"I-698","Nov 12, 2017",11/12/2017
"N",22264,5,"I-698","Nov 12, 2017",11/12/2017
"N",22271,1,"M-177","Apr 5, 2019",4/5/2019
"N",22271,1,"NCE","Jan 25, 2018",1/25/2018
"N",22271,2,"M-177","Apr 5, 2019",4/5/2019
"N",22271,2,"NCE","Jan 25, 2018",1/25/2018
"N",22271,3,"M-177","Apr 5, 2019",4/5/2019
"N",22271,3,"NCE","Jan 25, 2018",1/25/2018
"N",22272,1,"NPP","Aug 13, 2018",8/13/2018
"N",22272,2,"NPP","Aug 13, 2018",8/13/2018
"N",22272,3,"NPP","Aug 13, 2018",8/13/2018
"N",22272,4,"NPP","Aug 13, 2018",8/13/2018
"N",22272,5,"NPP","Aug 13, 2018",8/13/2018
"N",22272,6,"NPP","Aug 13, 2018",8/13/2018
"N",22272,7,"NPP","Aug 13, 2018",8/13/2018
"N",22287,1,"NPP","Jul 8, 2019",7/8/2019
"N",22287,1,"NPP","Jul 8, 2019",7/8/2019
"N",22287,1,"NPP","Jul 8, 2019",7/8/2019
"N",22287,2,"NPP","Jul 8, 2019",7/8/2019
"N",22287,2,"NPP","Jul 8, 2019",7/8/2019
"N",22287,2,"NPP","Jul 8, 2019",7/8/2019
"N",22291,1,"D-149","Jun 11, 2018",6/11/2018
"N",22291,1,"I-711","Jun 11, 2018",6/11/2018
"N",22291,1,"ODE","Aug 26, 2021",8/26/2021
"N",22291,1,"PED","Dec 11, 2018",12/11/2018
"N",22291,1,"PED","Dec 11, 2018",12/11/2018
"N",22291,1,"PED","Feb 26, 2022",2/26/2022
"N",22291,2,"D-149","Jun 11, 2018",6/11/2018
"N",22291,2,"I-711","Jun 11, 2018",6/11/2018
"N",22291,2,"ODE","Aug 26, 2021",8/26/2021
"N",22291,2,"PED","Dec 11, 2018",12/11/2018
"N",22291,2,"PED","Dec 11, 2018",12/11/2018
"N",22291,2,"PED","Feb 26, 2022",2/26/2022
"N",22291,3,"D-149","Jun 11, 2018",6/11/2018
"N",22291,3,"I-711","Jun 11, 2018",6/11/2018
"N",22291,3,"ODE","Aug 26, 2021",8/26/2021
"N",22291,3,"PED","Dec 11, 2018",12/11/2018
"N",22291,3,"PED","Dec 11, 2018",12/11/2018
"N",22291,3,"PED","Feb 26, 2022",2/26/2022
"N",22291,4,"D-149","Jun 11, 2018",6/11/2018
"N",22291,4,"I-711","Jun 11, 2018",6/11/2018
"N",22291,4,"ODE","Aug 26, 2021",8/26/2021
"N",22291,4,"PED","Dec 11, 2018",12/11/2018
"N",22291,4,"PED","Dec 11, 2018",12/11/2018
"N",22291,4,"PED","Feb 26, 2022",2/26/2022
"N",22291,5,"D-149","Jun 11, 2018",6/11/2018
"N",22291,5,"I-711","Jun 11, 2018",6/11/2018
"N",22291,5,"ODE","Aug 26, 2021",8/26/2021
"N",22291,5,"PED","Dec 11, 2018",12/11/2018
"N",22291,5,"PED","Dec 11, 2018",12/11/2018
"N",22291,5,"PED","Feb 26, 2022",2/26/2022
"N",22306,1,"ODE","Jul 2, 2016",7/2/2016
"N",22307,1,"M-182","Jul 12, 2019",7/12/2019
"N",22307,1,"PED","Jan 12, 2020",1/12/2020
"N",22307,2,"M-182","Jul 12, 2019",7/12/2019
"N",22307,2,"PED","Jan 12, 2020",1/12/2020
"N",22315,1,"I-686","Jun 29, 2017",6/29/2017
"N",22315,1,"ODE","Sep 24, 2017",9/24/2017
"N",22318,1,"NPP","Nov 25, 2019",11/25/2019
"N",22318,2,"NPP","Nov 25, 2019",11/25/2019
"N",22331,3,"M-149","Nov 20, 2017",11/20/2017
"N",22331,4,"M-149","Nov 20, 2017",11/20/2017
"N",22334,1,"I-724","Feb 26, 2019",2/26/2019
"N",22334,1,"ODE","Apr 26, 2019",4/26/2019
"N",22334,1,"ODE","Feb 26, 2023",2/26/2023
"N",22334,1,"ODE","May 5, 2018",5/5/2018
"N",22334,1,"ODE","Oct 29, 2017",10/29/2017
"N",22334,1,"PED","Apr 29, 2018",4/29/2018
"N",22334,1,"PED","Nov 5, 2018",11/5/2018
"N",22334,1,"PED","Oct 26, 2019",10/26/2019
"N",22334,2,"I-724","Feb 26, 2019",2/26/2019
"N",22334,2,"ODE","Apr 26, 2019",4/26/2019
"N",22334,2,"ODE","Feb 26, 2023",2/26/2023
"N",22334,2,"ODE","May 5, 2018",5/5/2018
"N",22334,2,"ODE","Oct 29, 2017",10/29/2017
"N",22334,2,"PED","Apr 29, 2018",4/29/2018
"N",22334,2,"PED","Nov 5, 2018",11/5/2018
"N",22334,2,"PED","Oct 26, 2019",10/26/2019
"N",22334,3,"I-724","Feb 26, 2019",2/26/2019
"N",22334,3,"ODE","Apr 26, 2019",4/26/2019
"N",22334,3,"ODE","Feb 26, 2023",2/26/2023
"N",22334,3,"ODE","May 5, 2018",5/5/2018
"N",22334,3,"ODE","Oct 29, 2017",10/29/2017
"N",22334,3,"PED","Apr 29, 2018",4/29/2018
"N",22334,3,"PED","Nov 5, 2018",11/5/2018
"N",22334,3,"PED","Oct 26, 2019",10/26/2019
"N",22334,4,"I-724","Feb 26, 2019",2/26/2019
"N",22334,4,"ODE","Apr 26, 2019",4/26/2019
"N",22334,4,"ODE","Feb 26, 2023",2/26/2023
"N",22334,4,"ODE","May 5, 2018",5/5/2018
"N",22334,4,"ODE","Oct 29, 2017",10/29/2017
"N",22334,4,"PED","Apr 29, 2018",4/29/2018
"N",22334,4,"PED","Nov 5, 2018",11/5/2018
"N",22334,4,"PED","Oct 26, 2019",10/26/2019
"N",22341,1,"I-750","Aug 25, 2020",8/25/2020
"N",22341,1,"M-176","Apr 22, 2019",4/22/2019
"N",22348,2,"D-152","Nov 20, 2018",11/20/2018
"N",22348,2,"NPP","Nov 20, 2018",11/20/2018
"N",22350,1,"M-175","Apr 5, 2019",4/5/2019
"N",22350,1,"M-198","Feb 27, 2020",2/27/2020
"N",22350,2,"M-175","Apr 5, 2019",4/5/2019
"N",22350,2,"M-198","Feb 27, 2020",2/27/2020
"N",22352,1,"ODE","Jul 29, 2016",7/29/2016
"N",22369,1,"M-140","Sep 4, 2017",9/4/2017
"N",22383,1,"NCE","Jul 1, 2016",7/1/2016
"N",22387,1,"M-145","May 20, 2017",5/20/2017
"N",22387,1,"ODE","Jul 30, 2016",7/30/2016
"N",22393,1,"ODE","Jun 16, 2018",6/16/2018
"N",22393,1,"ODE","Nov 5, 2016",11/5/2016
"N",22395,1,"ODE","Nov 16, 2016",11/16/2016
"N",22396,1,"NP","Dec 23, 2017",12/23/2017
"N",22399,1,"ODE","Jun 6, 2019",6/6/2019
"N",22399,2,"ODE","Jun 6, 2019",6/6/2019
"N",22405,1,"ODE","Apr 6, 2018",4/6/2018
"N",22405,2,"ODE","Apr 6, 2018",4/6/2018
"N",22406,1,"NCE","Jul 1, 2016",7/1/2016
"N",22406,2,"NCE","Jul 1, 2016",7/1/2016
"N",22406,3,"NCE","Jul 1, 2016",7/1/2016
"N",22408,1,"M-152","Nov 30, 2017",11/30/2017
"N",22416,1,"D-150","Aug 27, 2018",8/27/2018
"N",22416,1,"I-715","Aug 27, 2018",8/27/2018
"N",22416,1,"NCE","Nov 8, 2018",11/8/2018
"N",22416,2,"D-150","Aug 27, 2018",8/27/2018
"N",22416,2,"I-715","Aug 27, 2018",8/27/2018
"N",22416,2,"NCE","Nov 8, 2018",11/8/2018
"N",22416,3,"D-150","Aug 27, 2018",8/27/2018
"N",22416,3,"I-715","Aug 27, 2018",8/27/2018
"N",22416,3,"NCE","Nov 8, 2018",11/8/2018
"N",22416,4,"D-150","Aug 27, 2018",8/27/2018
"N",22416,4,"I-715","Aug 27, 2018",8/27/2018
"N",22416,4,"NCE","Nov 8, 2018",11/8/2018
"N",22426,1,"M-177","Apr 5, 2019",4/5/2019
"N",22426,1,"NCE","Jan 25, 2018",1/25/2018
"N",22426,2,"M-177","Apr 5, 2019",4/5/2019
"N",22426,2,"NCE","Jan 25, 2018",1/25/2018
"N",22426,3,"M-177","Apr 5, 2019",4/5/2019
"N",22426,3,"NCE","Jan 25, 2018",1/25/2018
"N",22426,4,"M-177","Apr 5, 2019",4/5/2019
"N",22426,4,"NCE","Jan 25, 2018",1/25/2018
"N",22426,5,"M-177","Apr 5, 2019",4/5/2019
"N",22426,5,"NCE","Jan 25, 2018",1/25/2018
"N",22426,6,"M-177","Apr 5, 2019",4/5/2019
"N",22426,6,"NCE","Jan 25, 2018",1/25/2018
"N",22433,1,"I-714","Sep 3, 2018",9/3/2018
"N",22433,1,"NCE","Jul 20, 2016",7/20/2016
"N",22433,2,"NCE","Jul 20, 2016",7/20/2016
"N",22433,2,"NS","Sep 3, 2018",9/3/2018
"N",22436,1,"NPP","Jan 22, 2017",1/22/2017
"N",22445,1,"NDF","Aug 9, 2019",8/9/2019
"N",22450,1,"M-196","Jan 27, 2020",1/27/2020
"N",22450,1,"PED","Jul 27, 2020",7/27/2020
"N",22458,1,"NCE","May 1, 2017",5/1/2017
"N",22458,1,"NPP","Aug 27, 2017",8/27/2017
"N",22465,1,"ODE","Apr 26, 2019",4/26/2019
"N",22465,2,"ODE","Apr 26, 2019",4/26/2019
"N",22468,1,"ODE","Sep 24, 2016",9/24/2016
"N",22468,2,"ODE","Sep 24, 2016",9/24/2016
"N",22472,1,"NP","Jun 27, 2017",6/27/2017
"N",22472,2,"NP","Jun 27, 2017",6/27/2017
"N",22472,3,"NP","Jun 27, 2017",6/27/2017
"N",22473,1,"D-137","Jan 31, 2017",1/31/2017
"N",22473,1,"M-133","Jan 31, 2017",1/31/2017
"N",22488,1,"M-193","Dec 22, 2019",12/22/2019
"N",22511,1,"NPP","Jul 6, 2020",7/6/2020
"N",22511,2,"NPP","Jul 6, 2020",7/6/2020
"N",22512,1,"I-682","Apr 4, 2017",4/4/2017
"N",22512,1,"I-683","Apr 4, 2017",4/4/2017
"N",22512,1,"M-168","Nov 20, 2018",11/20/2018
"N",22512,2,"I-682","Apr 4, 2017",4/4/2017
"N",22512,2,"I-683","Apr 4, 2017",4/4/2017
"N",22512,2,"M-168","Nov 20, 2018",11/20/2018
"N",22512,3,"NS","Nov 20, 2018",11/20/2018
"N",22522,1,"M-208","Aug 31, 2020",8/31/2020
"N",22525,1,"M-138","Jul 3, 2017",7/3/2017
"N",22525,1,"PED","Jan 3, 2018",1/3/2018
"N",22525,2,"M-138","Jul 3, 2017",7/3/2017
"N",22525,2,"PED","Jan 3, 2018",1/3/2018
"N",22525,3,"M-138","Jul 3, 2017",7/3/2017
"N",22525,3,"PED","Jan 3, 2018",1/3/2018
"N",22525,4,"M-138","Jul 3, 2017",7/3/2017
"N",22525,4,"PED","Jan 3, 2018",1/3/2018
"N",22526,1,"NCE","Aug 18, 2020",8/18/2020
"N",22529,1,"NCE","Jun 27, 2017",6/27/2017
"N",22535,1,"NCE","Oct 16, 2019",10/16/2019
"N",22535,1,"ODE","Oct 15, 2021",10/15/2021
"N",22542,1,"NCE","Mar 1, 2017",3/1/2017
"N",22542,2,"NCE","Mar 1, 2017",3/1/2017
"N",22544,1,"ODE","Jan 28, 2018",1/28/2018
"N",22544,2,"ODE","Jan 28, 2018",1/28/2018
"N",22554,1,"I-709","May 27, 2018",5/27/2018
"N",22554,1,"ODE","Mar 24, 2017",3/24/2017
"N",22562,1,"ODE","Mar 18, 2017",3/18/2017
"N",22567,1,"D-146","Mar 16, 2018",3/16/2018
"N",22567,2,"D-146","Mar 16, 2018",3/16/2018
"N",22567,3,"D-146","Mar 16, 2018",3/16/2018
"N",22571,1,"ODE","Jul 28, 2017",7/28/2017
"N",22572,1,"ODE","Feb 7, 2019",2/7/2019
"N",22575,1,"M-130","Nov 21, 2016",11/21/2016
"N",22575,2,"M-130","Nov 21, 2016",11/21/2016
"N",22577,1,"M-128","Jul 24, 2016",7/24/2016
"N",22577,1,"ODE","Mar 24, 2017",3/24/2017
"N",22577,1,"PED","Sep 24, 2017",9/24/2017
"N",50814,1,"ODE","Feb 22, 2017",2/22/2017
"N",200063,1,"NC","Sep 10, 2017",9/10/2017
"N",200327,1,"NPP","May 27, 2019",5/27/2019
"N",200327,1,"NPP","May 27, 2019",5/27/2019
"N",200327,2,"NPP","May 27, 2019",5/27/2019
"N",200327,2,"NPP","May 27, 2019",5/27/2019
"N",200603,1,"M-195","Jan 27, 2020",1/27/2020
"N",200603,1,"NPP","Jan 27, 2020",1/27/2020
"N",200603,1,"PED","Jul 27, 2020",7/27/2020
"N",200603,1,"PED","Jul 27, 2020",7/27/2020
"N",200603,2,"NPP","Jan 27, 2020",1/27/2020
"N",200603,2,"PED","Jul 27, 2020",7/27/2020
"N",200603,3,"M-195","Jan 27, 2020",1/27/2020
"N",200603,3,"NPP","Jan 27, 2020",1/27/2020
"N",200603,3,"PED","Jul 27, 2020",7/27/2020
"N",200603,3,"PED","Jul 27, 2020",7/27/2020
"N",200603,5,"M-195","Jan 27, 2020",1/27/2020
"N",200603,5,"NPP","Jan 27, 2020",1/27/2020
"N",200603,5,"PED","Jul 27, 2020",7/27/2020
"N",200603,5,"PED","Jul 27, 2020",7/27/2020
"N",200677,1,"NCE","Dec 14, 2017",12/14/2017
"N",200677,1,"ODE","Dec 14, 2019",12/14/2019
"N",200677,2,"NCE","Dec 14, 2017",12/14/2017
"N",200677,2,"ODE","Dec 14, 2019",12/14/2019
"N",200677,3,"NCE","Dec 14, 2017",12/14/2017
"N",200677,3,"ODE","Dec 14, 2019",12/14/2019
"N",200678,1,"M-175","Apr 5, 2019",4/5/2019
"N",200678,1,"M-198","Feb 27, 2020",2/27/2020
"N",200678,2,"M-175","Apr 5, 2019",4/5/2019
"N",200678,2,"M-198","Feb 27, 2020",2/27/2020
"N",200678,3,"M-175","Apr 5, 2019",4/5/2019
"N",200678,3,"M-198","Feb 27, 2020",2/27/2020
"N",200740,1,"ODE","Oct 2, 2019",10/2/2019
"N",201023,1,"M-201","May 17, 2020",5/17/2020
"N",201023,1,"M-209","Sep 14, 2020",9/14/2020
"N",201023,1,"PED","Nov 17, 2020",11/17/2020
"N",201277,1,"I-688","Jun 11, 2017",6/11/2017
"N",201277,2,"I-688","Jun 11, 2017",6/11/2017
"N",201277,2,"I-731","Apr 27, 2019",4/27/2019
"N",201277,3,"I-688","Jun 11, 2017",6/11/2017
"N",201277,4,"I-688","Jun 11, 2017",6/11/2017
"N",201277,5,"I-688","Jun 11, 2017",6/11/2017
"N",201277,6,"I-688","Jun 11, 2017",6/11/2017
"N",201281,1,"M-146","Jul 30, 2017",7/30/2017
"N",201281,2,"M-146","Jul 30, 2017",7/30/2017
"N",201281,3,"M-146","Jul 30, 2017",7/30/2017
"N",201292,1,"NCE","Jul 12, 2018",7/12/2018
"N",201292,1,"ODE","Apr 15, 2023",4/15/2023
"N",201292,1,"ODE","Jul 12, 2020",7/12/2020
"N",201292,2,"NCE","Jul 12, 2018",7/12/2018
"N",201292,2,"ODE","Apr 15, 2023",4/15/2023
"N",201292,2,"ODE","Jul 12, 2020",7/12/2020
"N",201292,3,"I-730","Apr 15, 2019",4/15/2019
"N",201292,3,"NCE","Jul 12, 2018",7/12/2018
"N",201292,3,"ODE","Apr 15, 2023",4/15/2023
"N",201292,3,"ODE","Jul 12, 2020",7/12/2020
"N",201444,1,"ODE","Jan 14, 2018",1/14/2018
"N",201532,1,"I-721","Jan 28, 2019",1/28/2019
"N",201532,1,"ODE","Jan 28, 2023",1/28/2023
"N",201656,1,"NP","Mar 3, 2020",3/3/2020
"N",201656,2,"NP","Mar 3, 2020",3/3/2020
"N",201923,1,"NP","Sep 26, 2017",9/26/2017
"N",202008,1,"NCE","Apr 6, 2017",4/6/2017
"N",202008,2,"NCE","Apr 6, 2017",4/6/2017
"N",202008,3,"NCE","Apr 6, 2017",4/6/2017
"N",202022,1,"NPP","Aug 26, 2018",8/26/2018
"N",202057,1,"NCE","Jul 26, 2017",7/26/2017
"N",202057,2,"NCE","Jul 26, 2017",7/26/2017
"N",202067,1,"NCE","Oct 21, 2016",10/21/2016
"N",202067,1,"ODE","Oct 21, 2018",10/21/2018
"N",202067,2,"NCE","Oct 21, 2016",10/21/2016
"N",202067,2,"ODE","Oct 21, 2018",10/21/2018
"N",202067,3,"NCE","Oct 21, 2016",10/21/2016
"N",202067,3,"ODE","Oct 21, 2018",10/21/2018
"N",202107,1,"ODE","Feb 17, 2019",2/17/2019
"N",202123,1,"NPP","Dec 13, 2016",12/13/2016
"N",202155,1,"I-661","Aug 21, 2017",8/21/2017
"N",202155,1,"I-681","Mar 3, 2017",3/3/2017
"N",202155,1,"I-690","Aug 21, 2017",8/21/2017
"N",202155,1,"I-691","Aug 21, 2017",8/21/2017
"N",202155,1,"NCE","Dec 28, 2017",12/28/2017
"N",202155,2,"I-661","Aug 21, 2017",8/21/2017
"N",202155,2,"I-690","Aug 21, 2017",8/21/2017
"N",202155,2,"I-691","Aug 21, 2017",8/21/2017
"N",202155,2,"NCE","Dec 28, 2017",12/28/2017
"N",202192,1,"I-699","Dec 4, 2017",12/4/2017
"N",202192,1,"NCE","Nov 16, 2016",11/16/2016
"N",202192,1,"ODE","Dec 4, 2021",12/4/2021
"N",202192,1,"ODE","Nov 16, 2018",11/16/2018
"N",202192,2,"I-699","Dec 4, 2017",12/4/2017
"N",202192,2,"NCE","Nov 16, 2016",11/16/2016
"N",202192,2,"ODE","Dec 4, 2021",12/4/2021
"N",202192,2,"ODE","Nov 16, 2018",11/16/2018
"N",202192,3,"I-699","Dec 4, 2017",12/4/2017
"N",202192,3,"NCE","Nov 16, 2016",11/16/2016
"N",202192,3,"ODE","Dec 4, 2021",12/4/2021
"N",202192,3,"ODE","Nov 16, 2018",11/16/2018
"N",202192,4,"I-699","Dec 4, 2017",12/4/2017
"N",202192,4,"NCE","Nov 16, 2016",11/16/2016
"N",202192,4,"ODE","Dec 4, 2021",12/4/2021
"N",202192,4,"ODE","Nov 16, 2018",11/16/2018
"N",202192,5,"I-699","Dec 4, 2017",12/4/2017
"N",202192,5,"NCE","Nov 16, 2016",11/16/2016
"N",202192,5,"ODE","Dec 4, 2021",12/4/2021
"N",202192,5,"ODE","Nov 16, 2018",11/16/2018
"N",202207,1,"I-687","Jun 13, 2017",6/13/2017
"N",202207,1,"NCE","Mar 13, 2018",3/13/2018
"N",202207,1,"ODE","Jun 13, 2021",6/13/2021
"N",202236,1,"NPP","Feb 20, 2018",2/20/2018
"N",202236,1,"PED","Aug 20, 2018",8/20/2018
"N",202276,1,"D-140","Sep 17, 2017",9/17/2017
"N",202276,1,"NCE","Apr 27, 2017",4/27/2017
"N",202276,2,"D-140","Sep 17, 2017",9/17/2017
"N",202276,2,"NCE","Apr 27, 2017",4/27/2017
"N",202276,3,"D-140","Sep 17, 2017",9/17/2017
"N",202276,3,"NCE","Apr 27, 2017",4/27/2017
"N",202292,1,"NCE","Dec 31, 2017",12/31/2017
"N",202293,1,"M-157","Mar 11, 2018",3/11/2018
"N",202293,1,"NCE","Jan 8, 2019",1/8/2019
"N",202293,2,"M-157","Mar 11, 2018",3/11/2018
"N",202293,2,"NCE","Jan 8, 2019",1/8/2019
"N",202317,1,"NDF","Aug 23, 2016",8/23/2016
"N",202317,1,"ODE","Aug 23, 2020",8/23/2020
"N",202324,1,"NCE","Jan 27, 2017",1/27/2017
"N",202324,2,"NCE","Jan 27, 2017",1/27/2017
"N",202429,1,"M-184","Aug 31, 2019",8/31/2019
"N",202429,1,"NCE","Aug 17, 2016",8/17/2016
"N",202429,1,"ODE","Aug 17, 2018",8/17/2018
"N",202450,1,"NCE","Jul 23, 2017",7/23/2017
"N",202497,1,"ODE","Aug 9, 2019",8/9/2019
"N",202514,1,"NCE","Feb 10, 2017",2/10/2017
"N",202570,1,"M-163","Sep 14, 2018",9/14/2018
"N",202570,1,"NCE","Aug 26, 2016",8/26/2016
"N",202570,1,"ODE","Aug 26, 2018",8/26/2018
"N",202570,1,"ODE","Mar 11, 2023",3/11/2023
"N",202570,2,"M-163","Sep 14, 2018",9/14/2018
"N",202570,2,"NCE","Aug 26, 2016",8/26/2016
"N",202570,2,"ODE","Aug 26, 2018",8/26/2018
"N",202570,2,"ODE","Mar 11, 2023",3/11/2023
"N",202611,1,"NCE","Jun 28, 2017",6/28/2017
"N",202611,2,"NCE","Jun 28, 2017",6/28/2017
"N",202714,1,"I-712","Jul 24, 2018",7/24/2018
"N",202714,1,"I-722","Jan 21, 2019",1/21/2019
"N",202714,1,"I-723","Jan 21, 2019",1/21/2019
"N",202714,1,"NCE","Jul 20, 2017",7/20/2017
"N",202714,1,"ODE","Jul 20, 2019",7/20/2019
"N",202714,2,"I-712","Jul 24, 2018",7/24/2018
"N",202714,2,"I-722","Jan 21, 2019",1/21/2019
"N",202714,2,"I-723","Jan 21, 2019",1/21/2019
"N",202714,2,"NCE","Jul 20, 2017",7/20/2017
"N",202714,2,"ODE","Jul 20, 2019",7/20/2019
"N",202799,1,"NCE","Mar 27, 2017",3/27/2017
"N",202799,2,"NCE","Mar 27, 2017",3/27/2017
"N",202799,3,"NCE","Mar 27, 2017",3/27/2017
"N",202799,4,"NCE","Mar 27, 2017",3/27/2017
"N",202799,5,"NCE","Mar 27, 2017",3/27/2017
"N",202799,6,"NCE","Mar 27, 2017",3/27/2017
"N",202806,1,"I-678","Jan 8, 2017",1/8/2017
"N",202806,1,"I-745","Jun 22, 2020",6/22/2020
"N",202806,1,"M-170","Nov 20, 2018",11/20/2018
"N",202806,1,"NCE","May 29, 2018",5/29/2018
"N",202806,1,"ODE","Jan 9, 2021",1/9/2021
"N",202806,1,"ODE","Jun 22, 2024",6/22/2024
"N",202806,1,"ODE","May 29, 2020",5/29/2020
"N",202806,2,"I-678","Jan 8, 2017",1/8/2017
"N",202806,2,"I-745","Jun 22, 2020",6/22/2020
"N",202806,2,"M-170","Nov 20, 2018",11/20/2018
"N",202806,2,"NCE","May 29, 2018",5/29/2018
"N",202806,2,"ODE","Jan 9, 2021",1/9/2021
"N",202806,2,"ODE","Jun 22, 2024",6/22/2024
"N",202806,2,"ODE","May 29, 2020",5/29/2020
"N",202811,1,"NCE","Aug 30, 2017",8/30/2017
"N",202811,2,"NCE","Aug 30, 2017",8/30/2017
"N",202811,3,"NCE","Aug 30, 2017",8/30/2017
"N",202811,3,"NS","Jan 25, 2020",1/25/2020
"N",202813,2,"NS","Dec 17, 2017",12/17/2017
"N",202833,1,"M-169","Nov 19, 2018",11/19/2018
"N",202833,1,"NCE","Jan 23, 2017",1/23/2017
"N",202833,2,"NCE","Jan 23, 2017",1/23/2017
"N",202834,1,"I-710","Jun 19, 2018",6/19/2018
"N",202834,1,"NCE","Oct 22, 2017",10/22/2017
"N",202834,2,"I-710","Jun 19, 2018",6/19/2018
"N",202834,2,"NCE","Oct 22, 2017",10/22/2017
"N",202834,3,"I-710","Jun 19, 2018",6/19/2018
"N",202834,3,"NCE","Oct 22, 2017",10/22/2017
"N",202834,4,"I-710","Jun 19, 2018",6/19/2018
"N",202834,4,"NCE","Oct 22, 2017",10/22/2017
"N",202834,5,"I-710","Jun 19, 2018",6/19/2018
"N",202834,5,"NCE","Oct 22, 2017",10/22/2017
"N",202834,6,"I-710","Jun 19, 2018",6/19/2018
"N",202834,6,"NCE","Oct 22, 2017",10/22/2017
"N",202880,1,"NP","Oct 25, 2016",10/25/2016
"N",202880,2,"NP","Oct 25, 2016",10/25/2016
"N",202880,3,"NP","Oct 25, 2016",10/25/2016
"N",202880,4,"NP","Oct 25, 2016",10/25/2016
"N",202880,5,"NP","Oct 25, 2016",10/25/2016
"N",202880,6,"NP","Oct 25, 2016",10/25/2016
"N",202895,1,"PED","Aug 1, 2016",8/1/2016
"N",202971,1,"I-746","Jul 27, 2020",7/27/2020
"N",202971,1,"M-150","Dec 5, 2017",12/5/2017
"N",202971,2,"I-746","Jul 27, 2020",7/27/2020
"N",202971,2,"M-150","Dec 5, 2017",12/5/2017
"N",202971,3,"I-746","Jul 27, 2020",7/27/2020
"N",202971,3,"M-150","Dec 5, 2017",12/5/2017
"N",202971,4,"I-746","Jul 27, 2020",7/27/2020
"N",202971,4,"M-150","Dec 5, 2017",12/5/2017
"N",202992,1,"NCE","Sep 12, 2017",9/12/2017
"N",202992,2,"NCE","Sep 12, 2017",9/12/2017
"N",203085,1,"I-744","Apr 27, 2020",4/27/2020
"N",203085,1,"NCE","Sep 27, 2017",9/27/2017
"N",203085,1,"ODE","Apr 27, 2024",4/27/2024
"N",203085,1,"ODE","Feb 25, 2020",2/25/2020
"N",203093,1,"NCE","Aug 27, 2017",8/27/2017
"N",203093,1,"NP","Sep 24, 2017",9/24/2017
"N",203093,2,"NCE","Aug 27, 2017",8/27/2017
"N",203093,2,"NP","Sep 24, 2017",9/24/2017
"N",203094,1,"NCE","Aug 27, 2017",8/27/2017
"N",203094,1,"NP","Sep 24, 2017",9/24/2017
"N",203100,1,"I-704","Dec 17, 2017",12/17/2017
"N",203100,1,"NCE","Aug 27, 2017",8/27/2017
"N",203100,1,"NPP","Jan 27, 2020",1/27/2020
"N",203108,1,"NCE","Jul 31, 2019",7/31/2019
"N",203109,1,"D-137","Jan 31, 2017",1/31/2017
"N",203109,1,"M-133","Jan 31, 2017",1/31/2017
"N",203137,1,"NCE","Oct 25, 2018",10/25/2018
"N",203137,2,"NCE","Oct 25, 2018",10/25/2018
"N",203155,1,"NCE","Sep 12, 2017",9/12/2017
"N",203155,1,"W","Sep 12, 2017",9/12/2017
"N",203188,1,"I-705","Dec 30, 2017",12/30/2017
"N",203188,1,"I-740","Feb 21, 2017",2/21/2017
"N",203188,1,"NCE","Jan 31, 2017",1/31/2017
"N",203188,1,"ODE","Jan 31, 2019",1/31/2019
"N",203202,1,"NCE","Feb 18, 2019",2/18/2019
"N",203202,1,"ODE","Feb 18, 2021",2/18/2021
"N",203202,2,"NCE","Feb 18, 2019",2/18/2019
"N",203202,2,"ODE","Feb 18, 2021",2/18/2021
"N",203202,3,"NCE","Feb 18, 2019",2/18/2019
"N",203202,3,"ODE","Feb 18, 2021",2/18/2021
"N",203214,1,"M-135","Feb 21, 2017",2/21/2017
"N",203214,1,"NCE","Nov 6, 2017",11/6/2017
"N",203255,1,"NCE","Dec 14, 2017",12/14/2017
"N",203255,1,"NP","Dec 15, 2017",12/15/2017
"N",203255,1,"ODE","Dec 15, 2021",12/15/2021
"N",203255,2,"NCE","Dec 14, 2017",12/14/2017
"N",203255,2,"NP","Dec 15, 2017",12/15/2017
"N",203255,2,"ODE","Dec 15, 2021",12/15/2021
"N",203255,3,"NCE","Dec 14, 2017",12/14/2017
"N",203255,3,"NP","Dec 15, 2017",12/15/2017
"N",203255,3,"ODE","Dec 15, 2021",12/15/2021
"N",203284,1,"NPP","Apr 28, 2020",4/28/2020
"N",203284,1,"ODE","Feb 1, 2020",2/1/2020
"N",203312,1,"NDF","Jan 7, 2018",1/7/2018
"N",203312,2,"NDF","Jan 7, 2018",1/7/2018
"N",203312,3,"NDF","Jan 7, 2018",1/7/2018
"N",203312,4,"NDF","Jan 7, 2018",1/7/2018
"N",203313,1,"NCE","Sep 25, 2020",9/25/2020
"N",203313,1,"NPP","Dec 16, 2019",12/16/2019
"N",203314,1,"NCE","Sep 25, 2020",9/25/2020
"N",203314,1,"NPP","Dec 16, 2019",12/16/2019
"N",203314,2,"NCE","Sep 25, 2020",9/25/2020
"N",203314,2,"NPP","Dec 16, 2019",12/16/2019
"N",203324,1,"NP","Apr 15, 2019",4/15/2019
"N",203324,1,"ODE","Apr 15, 2023",4/15/2023
"N",203324,1,"ODE","Jul 15, 2023",7/15/2023
"N",203324,2,"NP","Apr 15, 2019",4/15/2019
"N",203324,2,"ODE","Apr 15, 2023",4/15/2023
"N",203324,2,"ODE","Jul 15, 2023",7/15/2023
"N",203340,1,"ODE","May 10, 2020",5/10/2020
"N",203341,1,"NCE","Sep 4, 2017",9/4/2017
"N",203341,1,"ODE","Sep 4, 2019",9/4/2019
"N",203341,2,"NCE","Sep 4, 2017",9/4/2017
"N",203341,2,"ODE","Sep 4, 2019",9/4/2019
"N",203388,1,"NCE","Jan 30, 2017",1/30/2017
"N",203389,1,"NPP","Aug 14, 2018",8/14/2018
"N",203389,1,"ODE","Apr 30, 2020",4/30/2020
"N",203389,1,"ODE","Aug 14, 2022",8/14/2022
"N",203389,2,"NPP","Aug 14, 2018",8/14/2018
"N",203389,2,"ODE","Apr 30, 2020",4/30/2020
"N",203389,2,"ODE","Aug 14, 2022",8/14/2022
"N",203414,1,"M-177","Apr 5, 2019",4/5/2019
"N",203414,1,"NCE","Jan 25, 2018",1/25/2018
"N",203414,2,"M-177","Apr 5, 2019",4/5/2019
"N",203414,2,"NCE","Jan 25, 2018",1/25/2018
"N",203415,1,"I-693","Sep 10, 2017",9/10/2017
"N",203415,1,"NCE","Aug 31, 2017",8/31/2017
"N",203441,1,"NCE","Dec 21, 2017",12/21/2017
"N",203441,1,"ODE","Dec 21, 2019",12/21/2019
"N",203469,1,"NCE","Dec 14, 2017",12/14/2017
"N",203469,1,"ODE","Dec 14, 2019",12/14/2019
"N",203469,2,"NCE","Dec 14, 2017",12/14/2017
"N",203469,2,"ODE","Dec 14, 2019",12/14/2019
"N",203469,3,"NCE","Dec 14, 2017",12/14/2017
"N",203469,3,"ODE","Dec 14, 2019",12/14/2019
"N",203496,1,"D-156","Jan 28, 2019",1/28/2019
"N",203496,1,"D-157","Jan 28, 2019",1/28/2019
"N",203496,1,"NDF","Dec 20, 2016",12/20/2016
"N",203496,2,"D-156","Jan 28, 2019",1/28/2019
"N",203496,2,"D-157","Jan 28, 2019",1/28/2019
"N",203496,2,"NDF","Dec 20, 2016",12/20/2016
"N",203496,3,"D-156","Jan 28, 2019",1/28/2019
"N",203496,3,"D-157","Jan 28, 2019",1/28/2019
"N",203496,3,"NDF","Dec 20, 2016",12/20/2016
"N",203496,4,"D-156","Jan 28, 2019",1/28/2019
"N",203496,4,"D-157","Jan 28, 2019",1/28/2019
"N",203496,4,"NDF","Dec 20, 2016",12/20/2016
"N",203496,5,"D-156","Jan 28, 2019",1/28/2019
"N",203496,5,"D-157","Jan 28, 2019",1/28/2019
"N",203505,1,"NCE","Feb 26, 2018",2/26/2018
"N",203565,1,"NP","Jul 25, 2016",7/25/2016
"N",203567,1,"NCE","Jun 6, 2019",6/6/2019
"N",203568,1,"NCE","Jan 29, 2018",1/29/2018
"N",203568,1,"ODE","Jan 29, 2020",1/29/2020
"N",203585,1,"NCE","Oct 26, 2017",10/26/2017
"N",203585,1,"ODE","Oct 26, 2019",10/26/2019
"N",203684,1,"I-728","Mar 31, 2019",3/31/2019
"N",203684,1,"NCE","Oct 10, 2019",10/10/2019
"N",203756,1,"NCE","Nov 29, 2017",11/29/2017
"N",203756,1,"ODE","Nov 29, 2019",11/29/2019
"N",203756,2,"NCE","Nov 29, 2017",11/29/2017
"N",203756,2,"ODE","Nov 29, 2019",11/29/2019
"N",203858,1,"NCE","Dec 21, 2017",12/21/2017
"N",203858,1,"ODE","Dec 21, 2019",12/21/2019
"N",203858,2,"NCE","Dec 21, 2017",12/21/2017
"N",203858,2,"ODE","Dec 21, 2019",12/21/2019
"N",203858,3,"NCE","Dec 21, 2017",12/21/2017
"N",203858,3,"ODE","Dec 21, 2019",12/21/2019
"N",203858,4,"NCE","Dec 21, 2017",12/21/2017
"N",203858,4,"ODE","Dec 21, 2019",12/21/2019
"N",203858,5,"NCE","Dec 21, 2017",12/21/2017
"N",203858,5,"ODE","Dec 21, 2019",12/21/2019
"N",203858,6,"NCE","Dec 21, 2017",12/21/2017
"N",203858,6,"ODE","Dec 21, 2019",12/21/2019
"N",203922,1,"ODE","Jan 14, 2018",1/14/2018
"N",203923,1,"ODE","Jan 14, 2018",1/14/2018
"N",203952,1,"NP","Jan 9, 2018",1/9/2018
"N",203952,1,"ODE","Jan 9, 2022",1/9/2022
"N",203971,1,"NCE","May 15, 2018",5/15/2018
"N",203975,1,"NCE","Dec 18, 2018",12/18/2018
"N",203975,1,"NCE","May 10, 2018",5/10/2018
"N",203975,1,"NP","Dec 18, 2016",12/18/2016
"N",203985,1,"ODE","Oct 29, 2017",10/29/2017
"N",203985,1,"PED","Apr 29, 2018",4/29/2018
"N",203985,2,"ODE","Oct 29, 2017",10/29/2017
"N",203985,2,"PED","Apr 29, 2018",4/29/2018
"N",203985,3,"ODE","Oct 29, 2017",10/29/2017
"N",203985,3,"PED","Apr 29, 2018",4/29/2018
"N",203993,1,"NCE","Oct 21, 2016",10/21/2016
"N",203993,1,"ODE","Oct 21, 2018",10/21/2018
"N",204026,1,"I-707","Apr 23, 2018",4/23/2018
"N",204026,1,"NCE","Feb 8, 2018",2/8/2018
"N",204026,1,"ODE","Feb 8, 2020",2/8/2020
"N",204026,2,"I-707","Apr 23, 2018",4/23/2018
"N",204026,2,"NCE","Feb 8, 2018",2/8/2018
"N",204026,2,"ODE","Feb 8, 2020",2/8/2020
"N",204026,3,"I-707","Apr 23, 2018",4/23/2018
"N",204026,3,"NCE","Feb 8, 2018",2/8/2018
"N",204026,3,"ODE","Feb 8, 2020",2/8/2020
"N",204026,4,"I-707","Apr 23, 2018",4/23/2018
"N",204026,4,"NCE","Feb 8, 2018",2/8/2018
"N",204026,4,"ODE","Feb 8, 2020",2/8/2020
"N",204031,1,"NP","Mar 11, 2017",3/11/2017
"N",204042,1,"I-733","May 20, 2019",5/20/2019
"N",204042,1,"M-197","Feb 1, 2020",2/1/2020
"N",204042,1,"NCE","Mar 29, 2018",3/29/2018
"N",204042,2,"I-733","May 20, 2019",5/20/2019
"N",204042,2,"M-197","Feb 1, 2020",2/1/2020
"N",204042,2,"NCE","Mar 29, 2018",3/29/2018
"N",204063,1,"NCE","Mar 27, 2018",3/27/2018
"N",204063,2,"NCE","Mar 27, 2018",3/27/2018
"N",204096,1,"NDF","Jul 19, 2016",7/19/2016
"N",204096,2,"NDF","Jul 19, 2016",7/19/2016
"N",204096,3,"NDF","Jul 19, 2016",7/19/2016
"N",204114,1,"I-678","Jan 8, 2017",1/8/2017
"N",204114,1,"I-745","Jun 22, 2020",6/22/2020
"N",204114,1,"M-170","Nov 20, 2018",11/20/2018
"N",204114,1,"NCE","May 29, 2018",5/29/2018
"N",204114,1,"ODE","Jan 8, 2021",1/8/2021
"N",204114,1,"ODE","Jun 22, 2024",6/22/2024
"N",204114,1,"ODE","May 29, 2020",5/29/2020
"N",204114,2,"I-678","Jan 8, 2017",1/8/2017
"N",204114,2,"I-745","Jun 22, 2020",6/22/2020
"N",204114,2,"NCE","May 29, 2018",5/29/2018
"N",204114,2,"ODE","Jan 8, 2021",1/8/2021
"N",204114,2,"ODE","Jun 22, 2024",6/22/2024
"N",204114,2,"ODE","May 29, 2020",5/29/2020
"N",204114,3,"I-678","Jan 8, 2017",1/8/2017
"N",204114,3,"I-745","Jun 22, 2020",6/22/2020
"N",204114,3,"M-170","Nov 20, 2018",11/20/2018
"N",204114,3,"NCE","May 29, 2018",5/29/2018
"N",204114,3,"ODE","Jan 8, 2021",1/8/2021
"N",204114,3,"ODE","Jun 22, 2024",6/22/2024
"N",204114,3,"ODE","May 29, 2020",5/29/2020
"N",204153,1,"NCE","Nov 14, 2018",11/14/2018
"N",204168,1,"NCE*","Jul 25, 2018",7/25/2018
"N",204168,2,"NCE*","Jul 25, 2018",7/25/2018
"N",204168,3,"NCE*","Jul 25, 2018",7/25/2018
"N",204168,4,"NCE*","Jul 25, 2018",7/25/2018
"N",204242,1,"I-713","Aug 10, 2018",8/10/2018
"N",204242,2,"I-713","Aug 10, 2018",8/10/2018
"N",204242,3,"I-713","Aug 10, 2018",8/10/2018
"N",204242,4,"I-713","Aug 10, 2018",8/10/2018
"N",204242,5,"I-713","Aug 10, 2018",8/10/2018
"N",204242,6,"I-713","Aug 10, 2018",8/10/2018
"N",204275,1,"I-708","Apr 30, 2018",4/30/2018
"N",204275,1,"M-202","May 15, 2020",5/15/2020
"N",204275,1,"NCE","May 10, 2018",5/10/2018
"N",204275,2,"M-202","May 15, 2020",5/15/2020
"N",204275,2,"NCE","May 10, 2018",5/10/2018
"N",204275,2,"NP","Apr 30, 2018",4/30/2018
"N",204353,1,"I-735","May 20, 2019",5/20/2019
"N",204353,1,"M-197","Feb 1, 2020",2/1/2020
"N",204353,1,"NC","Aug 8, 2017",8/8/2017
"N",204353,1,"NCE","Mar 29, 2018",3/29/2018
"N",204353,2,"I-735","May 20, 2019",5/20/2019
"N",204353,2,"M-197","Feb 1, 2020",2/1/2020
"N",204353,2,"NC","Aug 8, 2017",8/8/2017
"N",204353,2,"NCE","Mar 29, 2018",3/29/2018
"N",204353,3,"I-735","May 20, 2019",5/20/2019
"N",204353,3,"M-197","Feb 1, 2020",2/1/2020
"N",204353,3,"NC","Aug 8, 2017",8/8/2017
"N",204353,3,"NCE","Mar 29, 2018",3/29/2018
"N",204353,4,"I-735","May 20, 2019",5/20/2019
"N",204353,4,"M-197","Feb 1, 2020",2/1/2020
"N",204353,4,"NC","Aug 8, 2017",8/8/2017
"N",204353,4,"NCE","Mar 29, 2018",3/29/2018
"N",204370,1,"NCE","Sep 17, 2020",9/17/2020
"N",204370,2,"NCE","Sep 17, 2020",9/17/2020
"N",204370,3,"NCE","Sep 17, 2020",9/17/2020
"N",204370,4,"NCE","Sep 17, 2020",9/17/2020
"N",204384,1,"NCE","Dec 28, 2017",12/28/2017
"N",204384,1,"ODE","Dec 28, 2019",12/28/2019
"N",204399,2,"NP","Jun 4, 2017",6/4/2017
"N",204399,3,"NP","Jun 4, 2017",6/4/2017
"N",204410,1,"NCE","Oct 18, 2018",10/18/2018
"N",204410,1,"ODE","Oct 18, 2020",10/18/2020
"N",204427,1,"NCE","Jul 7, 2019",7/7/2019
"N",204442,1,"NP","May 26, 2019",5/26/2019
"N",204447,1,"NCE","Sep 30, 2018",9/30/2018
"N",204447,2,"NCE","Sep 30, 2018",9/30/2018
"N",204447,3,"NCE","Sep 30, 2018",9/30/2018
"N",204447,4,"NCE","Sep 30, 2018",9/30/2018
"N",204508,1,"NP","Oct 3, 2016",10/3/2016
"N",204569,1,"NCE","Aug 13, 2019",8/13/2019
"N",204569,2,"NCE","Aug 13, 2019",8/13/2019
"N",204569,3,"NCE","Aug 13, 2019",8/13/2019
"N",204569,4,"NCE","Aug 13, 2019",8/13/2019
"N",204592,1,"I-692","Aug 22, 2017",8/22/2017
"N",204592,1,"NP","Oct 18, 2016",10/18/2016
"N",204592,2,"I-692","Aug 22, 2017",8/22/2017
"N",204592,2,"NP","Oct 18, 2016",10/18/2016
"N",204623,1,"NP","Jan 16, 2017",1/16/2017
"N",204629,1,"I-739","Dec 2, 2019",12/2/2019
"N",204629,1,"M-160","Jun 26, 2018",6/26/2018
"N",204629,1,"M-161","Jun 26, 2018",6/26/2018
"N",204629,1,"M-174","Mar 18, 2019",3/18/2019
"N",204629,1,"NCE","Aug 1, 2019",8/1/2019
"N",204629,2,"I-739","Dec 2, 2019",12/2/2019
"N",204629,2,"M-160","Jun 26, 2018",6/26/2018
"N",204629,2,"M-161","Jun 26, 2018",6/26/2018
"N",204629,2,"M-174","Mar 18, 2019",3/18/2019
"N",204629,2,"NCE","Aug 1, 2019",8/1/2019
"N",204630,1,"ODE","Apr 8, 2023",4/8/2023
"N",204655,1,"RTO","Mar 28, 2017",3/28/2017
"N",204671,1,"NCE","Dec 6, 2018",12/6/2018
"N",204671,1,"NPP","Apr 7, 2020",4/7/2020
"N",204671,1,"ODE","Apr 7, 2024",4/7/2024
"N",204677,1,"NCE","Mar 21, 2019",3/21/2019
"N",204684,1,"NCE","Mar 19, 2019",3/19/2019
"N",204684,1,"ODE","Mar 19, 2021",3/19/2021
"N",204708,1,"NDF","Aug 23, 2016",8/23/2016
"N",204736,1,"PED","Sep 26, 2016",9/26/2016
"N",204736,2,"PED","Sep 26, 2016",9/26/2016
"N",204760,1,"NCE","Sep 16, 2019",9/16/2019
"N",204760,2,"NCE","Sep 16, 2019",9/16/2019
"N",204768,1,"NP","Feb 24, 2017",2/24/2017
"N",204768,2,"NP","Feb 24, 2017",2/24/2017
"N",204781,1,"NCE","Mar 20, 2018",3/20/2018
"N",204781,1,"NPP","Aug 25, 2020",8/25/2020
"N",204781,2,"NCE","Mar 20, 2018",3/20/2018
"N",204781,2,"NPP","Aug 25, 2020",8/25/2020
"N",204781,3,"NCE","Mar 20, 2018",3/20/2018
"N",204781,3,"NPP","Aug 25, 2020",8/25/2020
"N",204781,4,"NCE","Mar 20, 2018",3/20/2018
"N",204781,4,"NPP","Aug 25, 2020",8/25/2020
"N",204781,5,"NCE","Mar 20, 2018",3/20/2018
"N",204781,5,"NPP","Aug 25, 2020",8/25/2020
"N",204790,1,"M-166","Jul 30, 2018",7/30/2018
"N",204790,1,"NCE","Aug 12, 2018",8/12/2018
"N",204790,2,"NCE","Aug 12, 2018",8/12/2018
"N",204790,3,"NCE","Aug 12, 2018",8/12/2018
"N",204819,1,"NCE","Oct 8, 2018",10/8/2018
"N",204819,1,"ODE","Oct 8, 2020",10/8/2020
"N",204819,2,"NCE","Oct 8, 2018",10/8/2018
"N",204819,2,"ODE","Oct 8, 2020",10/8/2020
"N",204819,3,"NCE","Oct 8, 2018",10/8/2018
"N",204819,3,"ODE","Oct 8, 2020",10/8/2020
"N",204819,4,"NCE","Oct 8, 2018",10/8/2018
"N",204819,4,"ODE","Oct 8, 2020",10/8/2020
"N",204819,5,"NCE","Oct 8, 2018",10/8/2018
"N",204819,5,"ODE","Oct 8, 2020",10/8/2020
"N",204822,1,"NP","May 15, 2017",5/15/2017
"N",204886,1,"NCE","May 8, 2019",5/8/2019
"N",204958,1,"NCE","Jun 22, 2020",6/22/2020
"N",204977,1,"NCE","Apr 23, 2019",4/23/2019
"N",205003,1,"NP","Jan 21, 2018",1/21/2018
"N",205003,2,"NP","Jan 21, 2018",1/21/2018
"N",205003,3,"NP","Jan 21, 2018",1/21/2018
"N",205060,1,"NCE","May 5, 2019",5/5/2019
"N",205103,1,"NC","Sep 14, 2019",9/14/2019
"N",205103,2,"NC","Sep 14, 2019",9/14/2019
"N",205109,1,"NP","Nov 27, 2016",11/27/2016
"N",205123,1,"D-151","Oct 5, 2018",10/5/2018
"N",205123,1,"I-697","Nov 5, 2017",11/5/2017
"N",205123,1,"I-717","Oct 5, 2018",10/5/2018
"N",205123,1,"M-171","Feb 26, 2019",2/26/2019
"N",205123,1,"M-179","May 20, 2019",5/20/2019
"N",205123,1,"NCE","Nov 22, 2018",11/22/2018
"N",205175,1,"NDF","Oct 24, 2016",10/24/2016
"N",205223,1,"NP","Mar 24, 2017",3/24/2017
"N",205266,1,"NCE","Jul 24, 2020",7/24/2020
"N",205352,1,"NC","Jan 17, 2017",1/17/2017
"N",205353,1,"NCE","Feb 23, 2020",2/23/2020
"N",205353,1,"ODE","Feb 23, 2022",2/23/2022
"N",205353,2,"NCE","Feb 23, 2020",2/23/2020
"N",205353,2,"ODE","Feb 23, 2022",2/23/2022
"N",205353,3,"NCE","Feb 23, 2020",2/23/2020
"N",205353,3,"ODE","Feb 23, 2022",2/23/2022
"N",205382,1,"M-172","Feb 24, 2019",2/24/2019
"N",205382,1,"NCE","Dec 18, 2018",12/18/2018
"N",205388,1,"NP","May 30, 2017",5/30/2017
"N",205395,1,"NCE","Aug 27, 2017",8/27/2017
"N",205410,1,"NP","Mar 14, 2017",3/14/2017
"N",205410,1,"ODE","Mar 14, 2021",3/14/2021
"N",205422,1,"M-186","Sep 23, 2019",9/23/2019
"N",205422,1,"NCE","Jul 10, 2020",7/10/2020
"N",205422,2,"M-186","Sep 23, 2019",9/23/2019
"N",205422,2,"NCE","Jul 10, 2020",7/10/2020
"N",205422,3,"M-186","Sep 23, 2019",9/23/2019
"N",205422,3,"NCE","Jul 10, 2020",7/10/2020
"N",205422,4,"M-186","Sep 23, 2019",9/23/2019
"N",205422,4,"NCE","Jul 10, 2020",7/10/2020
"N",205422,5,"M-186","Sep 23, 2019",9/23/2019
"N",205422,5,"NCE","Jul 10, 2020",7/10/2020
"N",205422,6,"M-186","Sep 23, 2019",9/23/2019
"N",205422,6,"NCE","Jul 10, 2020",7/10/2020
"N",205434,1,"M-147","Jul 23, 2017",7/23/2017
"N",205435,1,"GAIN","Jun 20, 2024",6/20/2024
"N",205435,1,"NCE","Jun 20, 2019",6/20/2019
"N",205436,1,"GAIN","Jun 20, 2024",6/20/2024
"N",205436,1,"NCE","Jun 20, 2019",6/20/2019
"N",205437,1,"I-694","Sep 23, 2017",9/23/2017
"N",205437,1,"NCE","Mar 21, 2019",3/21/2019
"N",205437,2,"I-694","Sep 23, 2017",9/23/2017
"N",205437,2,"NCE","Mar 21, 2019",3/21/2019
"N",205437,3,"I-694","Sep 23, 2017",9/23/2017
"N",205437,3,"NCE","Mar 21, 2019",3/21/2019
"N",205488,1,"NP","May 28, 2017",5/28/2017
"N",205489,1,"NP","Jun 19, 2020",6/19/2020
"N",205489,2,"NP","Jun 19, 2020",6/19/2020
"N",205489,3,"NP","Jun 19, 2020",6/19/2020
"N",205494,1,"NCE","Aug 19, 2019",8/19/2019
"N",205494,1,"ODE","Aug 19, 2021",8/19/2021
"N",205551,1,"NCE","Aug 12, 2018",8/12/2018
"N",205552,1,"D-165","May 6, 2019",5/6/2019
"N",205552,1,"I-680","Feb 12, 2017",2/12/2017
"N",205552,1,"I-689","Jul 28, 2017",7/28/2017
"N",205552,1,"I-702","Jan 29, 2018",1/29/2018
"N",205552,1,"I-729","Mar 4, 2019",3/4/2019
"N",205552,1,"I-736","May 6, 2019",5/6/2019
"N",205552,1,"I-737","May 6, 2019",5/6/2019
"N",205552,1,"I-741","Jan 18, 2020",1/18/2020
"N",205552,1,"I-753","Aug 2, 2020",8/2/2020
"N",205552,1,"NCE","Nov 13, 2018",11/13/2018
"N",205552,1,"ODE","Aug 2, 2024",8/2/2024
"N",205552,1,"ODE","Feb 12, 2021",2/12/2021
"N",205552,1,"ODE","Jan 18, 2024",1/18/2024
"N",205552,1,"ODE","Jan 29, 2022",1/29/2022
"N",205552,1,"ODE","Jul 28, 2021",7/28/2021
"N",205552,1,"ODE","Mar 4, 2023",3/4/2023
"N",205552,1,"ODE","May 6, 2023",5/6/2023
"N",205552,1,"ODE","Nov 13, 2020",11/13/2020
"N",205555,1,"ODE","May 1, 2024",5/1/2024
"N",205555,2,"ODE","May 1, 2024",5/1/2024
"N",205555,3,"ODE","May 1, 2024",5/1/2024
"N",205579,1,"ODE","Jul 22, 2021",7/22/2021
"N",205613,1,"NP","Oct 7, 2017",10/7/2017
"N",205625,1,"NP","Aug 20, 2017",8/20/2017
"N",205625,2,"NP","Aug 20, 2017",8/20/2017
"N",205636,1,"NP","Mar 12, 2018",3/12/2018
"N",205636,1,"NPP","Apr 28, 2019",4/28/2019
"N",205637,1,"NP","Jun 6, 2017",6/6/2017
"N",205637,2,"NP","Jun 6, 2017",6/6/2017
"N",205637,3,"NP","Jun 6, 2017",6/6/2017
"N",205649,1,"NCE","Jan 8, 2019",1/8/2019
"N",205649,2,"NCE","Jan 8, 2019",1/8/2019
"N",205649,3,"NCE","Jan 8, 2019",1/8/2019
"N",205649,4,"NCE","Jan 8, 2019",1/8/2019
"N",205649,5,"NCE","Jan 8, 2019",1/8/2019
"N",205677,1,"NCE","Jan 31, 2019",1/31/2019
"N",205677,1,"ODE","Jan 31, 2021",1/31/2021
"N",205692,1,"NP","Dec 16, 2018",12/16/2018
"N",205718,1,"NCE","Oct 10, 2019",10/10/2019
"N",205739,1,"NCE","Oct 21, 2020",10/21/2020
"N",205739,2,"NCE","Oct 21, 2020",10/21/2020
"N",205739,3,"NCE","Oct 21, 2020",10/21/2020
"N",205750,1,"NCE","Mar 17, 2020",3/17/2020
"N",205750,1,"ODE","Mar 17, 2022",3/17/2022
"N",205750,2,"NCE","Mar 17, 2020",3/17/2020
"N",205750,2,"ODE","Mar 17, 2022",3/17/2022
"N",205755,1,"M-199","May 26, 2020",5/26/2020
"N",205755,1,"NCE","Apr 29, 2019",4/29/2019
"N",205755,1,"ODE","Apr 29, 2021",4/29/2021
"N",205755,1,"ODE","May 26, 2024",5/26/2024
"N",205777,1,"NC","Jul 23, 2017",7/23/2017
"N",205777,2,"NC","Jul 23, 2017",7/23/2017
"N",205777,3,"NC","Jul 23, 2017",7/23/2017
"N",205786,1,"NDF","Dec 20, 2016",12/20/2016
"N",205831,1,"NP","Apr 17, 2018",4/17/2018
"N",205831,2,"NP","Apr 17, 2018",4/17/2018
"N",205831,3,"NP","Apr 17, 2018",4/17/2018
"N",205831,4,"NP","Apr 17, 2018",4/17/2018
"N",205831,5,"NP","Apr 17, 2018",4/17/2018
"N",205831,6,"NP","Apr 17, 2018",4/17/2018
"N",205831,7,"NP","Apr 17, 2018",4/17/2018
"N",205832,1,"NCE","Oct 15, 2019",10/15/2019
"N",205832,1,"ODE","Oct 15, 2021",10/15/2021
"N",205832,2,"NCE","Oct 15, 2019",10/15/2019
"N",205832,2,"ODE","Oct 15, 2021",10/15/2021
"N",205834,1,"D-153","Nov 12, 2018",11/12/2018
"N",205834,1,"D-158","Feb 12, 2019",2/12/2019
"N",205834,1,"D-159","Feb 12, 2019",2/12/2019
"N",205834,1,"D-160","Feb 12, 2019",2/12/2019
"N",205834,1,"I-718","Nov 12, 2018",11/12/2018
"N",205834,1,"I-719","Nov 12, 2018",11/12/2018
"N",205834,1,"I-720","Nov 12, 2018",11/12/2018
"N",205834,1,"NCE","Oct 10, 2019",10/10/2019
"N",205834,1,"NPP","Apr 7, 2020",4/7/2020
"N",205834,1,"NPP","Nov 12, 2018",11/12/2018
"N",205834,1,"ODE","Apr 7, 2024",4/7/2024
"N",205836,1,"NCE","May 12, 2021",5/12/2021
"N",205836,2,"NCE","May 12, 2021",5/12/2021
"N",205836,3,"NCE","May 12, 2021",5/12/2021
"N",205836,4,"NCE","May 12, 2021",5/12/2021
"N",205836,5,"NCE","May 12, 2021",5/12/2021
"N",205837,1,"NCE","May 12, 2021",5/12/2021
"N",205838,1,"NCE","May 12, 2021",5/12/2021
"N",205858,1,"NCE","Jul 23, 2019",7/23/2019
"N",205858,1,"ODE","Jul 23, 2021",7/23/2021
"N",205858,1,"ODE","Jul 23, 2021",7/23/2021
"N",205858,2,"NCE","Jul 23, 2019",7/23/2019
"N",205858,2,"ODE","Jul 23, 2021",7/23/2021
"N",205858,2,"ODE","Jul 23, 2021",7/23/2021
"N",205879,1,"I-735","May 20, 2019",5/20/2019
"N",205879,1,"NC","Aug 8, 2017",8/8/2017
"N",205879,1,"NCE","Mar 29, 2018",3/29/2018
"N",205879,2,"I-735","May 20, 2019",5/20/2019
"N",205879,2,"NC","Aug 8, 2017",8/8/2017
"N",205879,2,"NCE","Mar 29, 2018",3/29/2018
"N",205879,3,"I-735","May 20, 2019",5/20/2019
"N",205879,3,"NC","Aug 8, 2017",8/8/2017
"N",205879,3,"NCE","Mar 29, 2018",3/29/2018
"N",205879,4,"I-735","May 20, 2019",5/20/2019
"N",205879,4,"NC","Aug 8, 2017",8/8/2017
"N",205879,4,"NCE","Mar 29, 2018",3/29/2018
"N",205919,1,"ODE","Apr 28, 2021",4/28/2021
"N",206030,1,"ODE","Oct 7, 2023",10/7/2023
"N",206038,1,"NCE","Jul 2, 2020",7/2/2020
"N",206038,1,"ODE","Jul 2, 2022",7/2/2022
"N",206038,1,"ODE","Sep 28, 2023",9/28/2023
"N",206038,2,"NCE","Jul 2, 2020",7/2/2020
"N",206038,2,"NPP","Sep 28, 2019",9/28/2019
"N",206038,2,"ODE","Jul 2, 2022",7/2/2022
"N",206038,2,"ODE","Sep 28, 2023",9/28/2023
"N",206073,1,"I-739","Dec 2, 2019",12/2/2019
"N",206073,1,"NC","Jan 30, 2018",1/30/2018
"N",206073,1,"NCE","Aug 1, 2019",8/1/2019
"N",206073,2,"I-739","Dec 2, 2019",12/2/2019
"N",206073,2,"NC","Jan 30, 2018",1/30/2018
"N",206073,2,"NCE","Aug 1, 2019",8/1/2019
"N",206111,1,"I-739","Dec 2, 2019",12/2/2019
"N",206111,1,"M-174","Mar 18, 2019",3/18/2019
"N",206111,1,"NCE","Aug 1, 2019",8/1/2019
"N",206111,1,"NP","Aug 26, 2018",8/26/2018
"N",206111,2,"I-739","Dec 2, 2019",12/2/2019
"N",206111,2,"M-174","Mar 18, 2019",3/18/2019
"N",206111,2,"NCE","Aug 1, 2019",8/1/2019
"N",206111,2,"NP","Aug 26, 2018",8/26/2018
"N",206111,3,"I-739","Dec 2, 2019",12/2/2019
"N",206111,3,"M-174","Mar 18, 2019",3/18/2019
"N",206111,3,"NCE","Aug 1, 2019",8/1/2019
"N",206111,3,"NP","Aug 26, 2018",8/26/2018
"N",206111,4,"I-739","Dec 2, 2019",12/2/2019
"N",206111,4,"M-174","Mar 18, 2019",3/18/2019
"N",206111,4,"NCE","Aug 1, 2019",8/1/2019
"N",206111,4,"NP","Aug 26, 2018",8/26/2018
"N",206143,1,"NCE","Apr 15, 2020",4/15/2020
"N",206143,2,"NCE","Apr 15, 2020",4/15/2020
"N",206162,1,"NCE","Dec 19, 2019",12/19/2019
"N",206162,1,"ODE","Dec 19, 2021",12/19/2021
"N",206192,1,"NCE","Nov 10, 2020",11/10/2020
"N",206192,1,"ODE","Nov 10, 2022",11/10/2022
"N",206229,1,"NP","Feb 26, 2018",2/26/2018
"N",206255,1,"NP","Dec 19, 2017",12/19/2017
"N",206256,1,"NCE","Jul 3, 2019",7/3/2019
"N",206256,1,"ODE","Jul 3, 2021",7/3/2021
"N",206276,1,"NP","Jan 30, 2018",1/30/2018
"N",206276,1,"PED","Jul 30, 2018",7/30/2018
"N",206302,1,"NC","Jun 3, 2019",6/3/2019
"N",206307,1,"NCE","Dec 17, 2019",12/17/2019
"N",206307,1,"PED","Jun 17, 2020",6/17/2020
"N",206316,1,"NCE","Jan 8, 2020",1/8/2020
"N",206316,2,"NCE","Jan 8, 2020",1/8/2020
"N",206316,3,"NCE","Jan 8, 2020",1/8/2020
"N",206321,1,"NP","Jan 25, 2017",1/25/2017
"N",206334,1,"GAIN","Aug 6, 2024",8/6/2024
"N",206334,1,"NCE","Aug 6, 2019",8/6/2019
"N",206352,1,"NP","Jun 2, 2017",6/2/2017
"N",206352,1,"NPP","Sep 24, 2018",9/24/2018
"N",206352,1,"PED","Dec 2, 2017",12/2/2017
"N",206352,1,"PED","Mar 24, 2019",3/24/2019
"N",206353,1,"NCE","Aug 27, 2017",8/27/2017
"N",206406,1,"ODE","Jul 10, 2022",7/10/2022
"N",206406,2,"ODE","Jul 10, 2022",7/10/2022
"N",206406,3,"ODE","Jul 10, 2022",7/10/2022
"N",206426,1,"NCE","Dec 19, 2019",12/19/2019
"N",206426,1,"NPP","Sep 20, 2020",9/20/2020
"N",206488,1,"NCE","Sep 19, 2021",9/19/2021
"N",206488,1,"ODE","Sep 19, 2023",9/19/2023
"N",206488,2,"NCE","Sep 19, 2021",9/19/2021
"N",206488,2,"ODE","Sep 19, 2023",9/19/2023
"N",206500,1,"NCE","Sep 1, 2020",9/1/2020
"N",206538,1,"NP","Feb 25, 2018",2/25/2018
"N",206544,1,"M-189","Oct 2, 2018",10/2/2018
"N",206544,2,"M-189","Oct 2, 2018",10/2/2018
"N",206544,3,"M-189","Oct 2, 2018",10/2/2018
"N",206544,4,"M-189","Oct 2, 2018",10/2/2018
"N",206619,1,"D-163","Apr 22, 2019",4/22/2019
"N",206619,1,"NCE","Dec 19, 2019",12/19/2019
"N",206756,1,"M-173","Mar 18, 2019",3/18/2019
"N",206756,1,"NC","May 21, 2018",5/21/2018
"N",206756,1,"NCE","Jul 31, 2019",7/31/2019
"N",206829,1,"GAIN","Dec 19, 2024",12/19/2024
"N",206829,1,"NCE","Dec 19, 2019",12/19/2019
"N",206843,1,"D-161","Feb 5, 2019",2/5/2019
"N",206843,1,"D-162","Feb 5, 2019",2/5/2019
"N",206843,1,"I-726","Feb 5, 2019",2/5/2019
"N",206843,1,"I-727","Feb 5, 2019",2/5/2019
"N",206843,1,"NCE","Jul 24, 2020",7/24/2020
"N",206843,2,"D-161","Feb 5, 2019",2/5/2019
"N",206843,2,"D-162","Feb 5, 2019",2/5/2019
"N",206843,2,"I-726","Feb 5, 2019",2/5/2019
"N",206843,2,"I-727","Feb 5, 2019",2/5/2019
"N",206843,2,"NCE","Jul 24, 2020",7/24/2020
"N",206910,1,"ODE","Jan 23, 2020",1/23/2020
"N",206910,2,"ODE","Jan 23, 2020",1/23/2020
"N",206910,3,"ODE","Jan 23, 2020",1/23/2020
"N",206911,1,"NP","Apr 8, 2019",4/8/2019
"N",206940,1,"NCE","May 27, 2020",5/27/2020
"N",206940,2,"NCE","May 27, 2020",5/27/2020
"N",206947,1,"I-734","May 13, 2019",5/13/2019
"N",206947,1,"NCE","Feb 13, 2020",2/13/2020
"N",206947,1,"ODE","Feb 13, 2022",2/13/2022
"N",206947,2,"I-734","May 13, 2019",5/13/2019
"N",206947,2,"NCE","Feb 13, 2020",2/13/2020
"N",206947,2,"ODE","Feb 13, 2022",2/13/2022
"N",206995,1,"NP","Jul 13, 2018",7/13/2018
"N",206995,1,"ODE","Jul 13, 2022",7/13/2022
"N",207026,1,"ODE","Jan 13, 2022",1/13/2022
"N",207026,2,"ODE","Jan 13, 2022",1/13/2022
"N",207027,1,"D-149","Jun 11, 2018",6/11/2018
"N",207027,1,"I-711","Jun 11, 2018",6/11/2018
"N",207027,1,"ODE","Aug 26, 2021",8/26/2021
"N",207027,1,"PED","Dec 11, 2018",12/11/2018
"N",207027,1,"PED","Dec 11, 2018",12/11/2018
"N",207027,1,"PED","Feb 26, 2022",2/26/2022
"N",207071,1,"NP","Jul 29, 2018",7/29/2018
"N",207103,1,"I-725","Feb 19, 2019",2/19/2019
"N",207103,1,"NCE","Feb 3, 2020",2/3/2020
"N",207103,2,"I-725","Feb 19, 2019",2/19/2019
"N",207103,2,"NCE","Feb 3, 2020",2/3/2020
"N",207103,3,"I-725","Feb 19, 2019",2/19/2019
"N",207103,3,"NCE","Feb 3, 2020",2/3/2020
"N",207145,1,"NCE","Mar 21, 2022",3/21/2022
"N",207145,2,"NCE","Mar 21, 2022",3/21/2022
"N",207154,1,"NS","Feb 24, 2019",2/24/2019
"N",207155,1,"ODE","Mar 10, 2023",3/10/2023
"N",207233,1,"NP","Oct 22, 2018",10/22/2018
"N",207233,2,"NP","Oct 22, 2018",10/22/2018
"N",207318,1,"NCE","Apr 29, 2021",4/29/2021
"N",207500,1,"GAIN","Mar 6, 2025",3/6/2025
"N",207500,1,"GAIN","Mar 6, 2027",3/6/2027
"N",207500,1,"NCE","Mar 6, 2020",3/6/2020
"N",207500,1,"ODE","Mar 6, 2022",3/6/2022
"N",207501,1,"GAIN","Mar 6, 2025",3/6/2025
"N",207501,1,"GAIN","Mar 6, 2027",3/6/2027
"N",207501,1,"NCE","Mar 6, 2020",3/6/2020
"N",207501,1,"ODE","Mar 6, 2022",3/6/2022
"N",207533,1,"NCE","Oct 5, 2020",10/5/2020
"N",207533,2,"NCE","Oct 5, 2020",10/5/2020
"N",207533,3,"NCE","Oct 5, 2020",10/5/2020
"N",207533,4,"NCE","Oct 5, 2020",10/5/2020
"N",207561,1,"NCE","Aug 27, 2017",8/27/2017
"N",207561,1,"NCE","Nov 5, 2020",11/5/2020
"N",207561,1,"NPP","Sep 25, 2020",9/25/2020
"N",207589,1,"NP","Oct 16, 2018",10/16/2018
"N",207620,1,"NCE","Jul 7, 2020",7/7/2020
"N",207620,2,"NCE","Jul 7, 2020",7/7/2020
"N",207620,3,"NCE","Jul 7, 2020",7/7/2020
"N",207621,1,"NC","Aug 19, 2019",8/19/2019
"N",207621,2,"NC","Aug 19, 2019",8/19/2019
"N",207621,3,"NC","Aug 19, 2019",8/19/2019
"N",207621,4,"NC","Aug 19, 2019",8/19/2019
"N",207621,5,"NC","Aug 19, 2019",8/19/2019
"N",207621,6,"NC","Aug 19, 2019",8/19/2019
"N",207648,1,"NCE","Jul 13, 2021",7/13/2021
"N",207648,2,"NCE","Jul 13, 2021",7/13/2021
"N",207648,3,"NCE","Jul 13, 2021",7/13/2021
"N",207695,1,"NCE","Dec 14, 2021",12/14/2021
"N",207793,1,"NP","Oct 22, 2018",10/22/2018
"N",207793,1,"ODE","Oct 22, 2022",10/22/2022
"N",207865,1,"NPP","Aug 28, 2018",8/28/2018
"N",207917,1,"NP","Jul 15, 2018",7/15/2018
"N",207923,1,"NP","Oct 29, 2018",10/29/2018
"N",207925,1,"I-740","Feb 21, 2017",2/21/2017
"N",207925,1,"NCE","Jan 31, 2017",1/31/2017
"N",207925,1,"ODE","Jan 31, 2019",1/31/2019
"N",207925,2,"I-740","Feb 21, 2017",2/21/2017
"N",207925,2,"NCE","Jan 31, 2017",1/31/2017
"N",207925,2,"ODE","Jan 31, 2019",1/31/2019
"N",207930,1,"NCE","Jul 1, 2016",7/1/2016
"N",207930,1,"NP","Oct 29, 2018",10/29/2018
"N",207931,1,"I-743","Jul 24, 2018",7/24/2018
"N",207931,1,"NCE","Dec 19, 2019",12/19/2019
"N",207931,1,"NP","Jul 24, 2018",7/24/2018
"N",207932,1,"NP","Oct 23, 2018",10/23/2018
"N",207932,2,"NP","Oct 23, 2018",10/23/2018
"N",207932,3,"NP","Oct 23, 2018",10/23/2018
"N",207932,4,"NP","Oct 23, 2018",10/23/2018
"N",207932,5,"NP","Oct 23, 2018",10/23/2018
"N",207932,6,"NP","Oct 23, 2018",10/23/2018
"N",207932,7,"NP","Oct 23, 2018",10/23/2018
"N",207946,1,"NP","May 18, 2018",5/18/2018
"N",207946,2,"NP","May 18, 2018",5/18/2018
"N",207946,3,"NP","May 18, 2018",5/18/2018
"N",207946,4,"NP","May 18, 2018",5/18/2018
"N",207947,1,"NCE","Dec 21, 2020",12/21/2020
"N",207947,1,"ODE","Dec 21, 2022",12/21/2022
"N",207947,2,"NCE","Dec 21, 2020",12/21/2020
"N",207947,2,"ODE","Dec 21, 2022",12/21/2022
"N",207947,3,"NCE","Dec 21, 2020",12/21/2020
"N",207947,3,"ODE","Dec 21, 2022",12/21/2022
"N",207947,4,"NCE","Dec 21, 2020",12/21/2020
"N",207947,4,"ODE","Dec 21, 2022",12/21/2022
"N",207947,5,"NCE","Dec 21, 2020",12/21/2020
"N",207947,5,"ODE","Dec 21, 2022",12/21/2022
"N",207947,6,"NCE","Dec 21, 2020",12/21/2020
"N",207947,6,"ODE","Dec 21, 2022",12/21/2022
"N",207947,7,"NCE","Dec 21, 2020",12/21/2020
"N",207947,7,"ODE","Dec 21, 2022",12/21/2022
"N",207947,8,"NCE","Dec 21, 2020",12/21/2020
"N",207947,8,"ODE","Dec 21, 2022",12/21/2022
"N",207953,1,"NCE","Oct 23, 2020",10/23/2020
"N",207953,1,"ODE","Oct 23, 2022",10/23/2022
"N",207960,1,"NP","Dec 4, 2018",12/4/2018
"N",207960,2,"NP","Dec 4, 2018",12/4/2018
"N",207960,3,"NP","Dec 4, 2018",12/4/2018
"N",207981,1,"NCE","Sep 22, 2020",9/22/2020
"N",207981,2,"NCE","Sep 22, 2020",9/22/2020
"N",207986,1,"NP","Dec 10, 2018",12/10/2018
"N",207988,1,"NCE","Dec 22, 2020",12/22/2020
"N",207997,1,"NCE","Apr 28, 2022",4/28/2022
"N",207997,1,"ODE","Apr 28, 2024",4/28/2024
"N",207997,1,"ODE","Apr 28, 2024",4/28/2024
"N",207999,1,"NCE","May 27, 2021",5/27/2021
"N",207999,1,"ODE","May 27, 2023",5/27/2023
"N",207999,2,"NCE","May 27, 2021",5/27/2021
"N",207999,2,"ODE","May 27, 2023",5/27/2023
"N",208010,1,"NP","Jun 17, 2019",6/17/2019
"N",208030,1,"NCE","Oct 14, 2016",10/14/2016
"N",208030,1,"ODE","Oct 14, 2018",10/14/2018
"N",208032,1,"NC","Jun 29, 2019",6/29/2019
"N",208051,1,"NCE","Jul 17, 2022",7/17/2022
"N",208054,1,"NCE","May 27, 2021",5/27/2021
"N",208065,1,"NCE","Nov 13, 2020",11/13/2020
"N",208065,1,"ODE","Nov 13, 2022",11/13/2022
"N",208065,2,"NCE","Nov 13, 2020",11/13/2020
"N",208065,2,"ODE","Nov 13, 2022",11/13/2022
"N",208073,1,"NCE","Jul 11, 2021",7/11/2021
"N",208079,1,"NDF","Feb 5, 2019",2/5/2019
"N",208081,1,"NP","May 10, 2019",5/10/2019
"N",208082,1,"I-751","Aug 30, 2020",8/30/2020
"N",208082,1,"NCE","Apr 3, 2022",4/3/2022
"N",208082,1,"ODE","Apr 3, 2024",4/3/2024
"N",208082,2,"I-751","Aug 30, 2020",8/30/2020
"N",208082,2,"NCE","Apr 3, 2022",4/3/2022
"N",208082,2,"ODE","Apr 3, 2024",4/3/2024
"N",208082,3,"I-751","Aug 30, 2020",8/30/2020
"N",208082,3,"NCE","Apr 3, 2022",4/3/2022
"N",208082,3,"ODE","Apr 3, 2024",4/3/2024
"N",208090,1,"NP","Apr 26, 2019",4/26/2019
"N",208090,2,"NP","Apr 26, 2019",4/26/2019
"N",208090,3,"NP","Apr 26, 2019",4/26/2019
"N",208090,4,"NP","Apr 26, 2019",4/26/2019
"N",208090,5,"NP","Apr 26, 2019",4/26/2019
"N",208114,1,"NCE","Mar 30, 2021",3/30/2021
"N",208114,1,"ODE","Mar 30, 2023",3/30/2023
"N",208147,1,"NP","Oct 19, 2018",10/19/2018
"N",208159,1,"NCE","Sep 4, 2020",9/4/2020
"N",208159,1,"NP","Dec 11, 2018",12/11/2018
"N",208159,1,"ODE","Dec 11, 2022",12/11/2022
"N",208169,1,"NCE","Sep 4, 2020",9/4/2020
"N",208169,1,"ODE","Sep 4, 2022",9/4/2022
"N",208183,1,"NP","Nov 6, 2018",11/6/2018
"N",208215,1,"NCE","Nov 5, 2020",11/5/2020
"N",208215,1,"NPP","Sep 25, 2020",9/25/2020
"N",208224,1,"NP","Sep 16, 2019",9/16/2019
"N",208246,1,"NCE","Nov 6, 2017",11/6/2017
"N",208251,1,"NC","Apr 29, 2019",4/29/2019
"N",208261,1,"NCE","Jan 28, 2021",1/28/2021
"N",208264,1,"I-747","Jan 26, 2020",1/26/2020
"N",208264,1,"ODE","Jan 26, 2024",1/26/2024
"N",208264,2,"I-747","Jan 26, 2020",1/26/2020
"N",208264,2,"ODE","Jan 26, 2024",1/26/2024
"N",208271,1,"NP","Jul 19, 2019",7/19/2019
"N",208277,1,"NCE","Oct 22, 2017",10/22/2017
"N",208294,1,"NP","Apr 25, 2019",4/25/2019
"N",208325,1,"NCE","Feb 7, 2022",2/7/2022
"N",208325,2,"NCE","Feb 7, 2022",2/7/2022
"N",208325,3,"NCE","Feb 7, 2022",2/7/2022
"N",208341,1,"NCE","Jun 28, 2021",6/28/2021
"N",208341,1,"NPP","Aug 1, 2020",8/1/2020
"N",208351,1,"M-206","Aug 21, 2020",8/21/2020
"N",208351,1,"M-207","Aug 21, 2020",8/21/2020
"N",208351,1,"NCE","Nov 5, 2020",11/5/2020
"N",208383,1,"NCE","Jun 23, 2022",6/23/2022
"N",208383,2,"NCE","Jun 23, 2022",6/23/2022
"N",208398,1,"NS","Oct 19, 2019",10/19/2019
"N",208400,1,"ODE","Apr 25, 2024",4/25/2024
"N",208400,1,"ODE","Apr 25, 2024",4/25/2024
"N",208434,1,"NCE","Dec 11, 2020",12/11/2020
"N",208434,1,"ODE","Dec 11, 2022",12/11/2022
"N",208447,1,"NCE","Mar 27, 2022",3/27/2022
"N",208447,1,"ODE","Mar 27, 2024",3/27/2024
"N",208462,1,"NCE","Nov 20, 2020",11/20/2020
"N",208462,1,"ODE","Nov 20, 2022",11/20/2022
"N",208462,2,"NCE","Nov 20, 2020",11/20/2020
"N",208462,2,"ODE","Nov 20, 2022",11/20/2022
"N",208462,3,"NCE","Nov 20, 2020",11/20/2020
"N",208462,3,"ODE","Nov 20, 2022",11/20/2022
"N",208464,1,"NCE","Nov 5, 2020",11/5/2020
"N",208464,1,"NP","Nov 11, 2019",11/11/2019
"N",208470,1,"NCE","Nov 16, 2021",11/16/2021
"N",208471,1,"NCE","Jul 27, 2021",7/27/2021
"N",208471,2,"NCE","Jul 27, 2021",7/27/2021
"N",208510,1,"I-703","Jan 30, 2018",1/30/2018
"N",208510,1,"M-188","Oct 14, 2019",10/14/2019
"N",208510,2,"I-703","Jan 30, 2018",1/30/2018
"N",208510,2,"M-188","Oct 14, 2019",10/14/2019
"N",208510,3,"I-703","Jan 30, 2018",1/30/2018
"N",208510,3,"M-188","Oct 14, 2019",10/14/2019
"N",208510,4,"I-703","Jan 30, 2018",1/30/2018
"N",208510,4,"M-188","Oct 14, 2019",10/14/2019
"N",208510,5,"I-703","Jan 30, 2018",1/30/2018
"N",208510,5,"M-188","Oct 14, 2019",10/14/2019
"N",208510,6,"I-703","Jan 30, 2018",1/30/2018
"N",208510,6,"M-188","Oct 14, 2019",10/14/2019
"N",208524,1,"NCE","Jun 27, 2017",6/27/2017
"N",208547,1,"NCE","Jun 1, 2021",6/1/2021
"N",208547,1,"ODE","Jun 1, 2023",6/1/2023
"N",208552,1,"NP","Jan 18, 2020",1/18/2020
"N",208558,1,"NCE","Dec 19, 2019",12/19/2019
"N",208558,1,"NP","Aug 17, 2020",8/17/2020
"N",208558,1,"ODE","Dec 19, 2021",12/19/2021
"N",208558,2,"NCE","Dec 19, 2019",12/19/2019
"N",208558,2,"NP","Aug 17, 2020",8/17/2020
"N",208558,2,"ODE","Dec 19, 2021",12/19/2021
"N",208573,1,"NCE","Apr 11, 2021",4/11/2021
"N",208573,1,"ODE","Apr 11, 2023",4/11/2023
"N",208573,2,"NCE","Apr 11, 2021",4/11/2021
"N",208573,2,"ODE","Apr 11, 2023",4/11/2023
"N",208573,3,"NCE","Apr 11, 2021",4/11/2021
"N",208573,3,"ODE","Apr 11, 2023",4/11/2023
"N",208583,1,"NC","Nov 21, 2019",11/21/2019
"N",208583,1,"NCE","Sep 25, 2020",9/25/2020
"N",208587,1,"I-748","Jul 7, 2020",7/7/2020
"N",208587,1,"ODE","Jul 7, 2024",7/7/2024
"N",208610,1,"GAIN","Jun 19, 2027",6/19/2027
"N",208610,1,"NCE","Jun 19, 2022",6/19/2022
"N",208611,1,"GAIN","Jun 19, 2027",6/19/2027
"N",208611,1,"NCE","Jun 19, 2022",6/19/2022
"N",208624,1,"NCE","Dec 19, 2019",12/19/2019
"N",208630,1,"ODE","Jun 6, 2024",6/6/2024
"N",208658,1,"I-739","Dec 2, 2019",12/2/2019
"N",208658,1,"NCE","Aug 1, 2019",8/1/2019
"N",208658,2,"I-739","Dec 2, 2019",12/2/2019
"N",208658,2,"NCE","Aug 1, 2019",8/1/2019
"N",208658,3,"I-739","Dec 2, 2019",12/2/2019
"N",208658,3,"NCE","Aug 1, 2019",8/1/2019
"N",208658,4,"I-739","Dec 2, 2019",12/2/2019
"N",208658,4,"NCE","Aug 1, 2019",8/1/2019
"N",208673,1,"NC","Nov 21, 2019",11/21/2019
"N",208673,1,"NCE","Jul 27, 2021",7/27/2021
"N",208684,1,"NCE","Feb 9, 2022",2/9/2022
"N",208684,1,"ODE","Feb 9, 2024",2/9/2024
"N",208684,2,"NCE","Feb 9, 2022",2/9/2022
"N",208684,2,"ODE","Feb 9, 2024",2/9/2024
"N",208684,3,"NCE","Feb 9, 2022",2/9/2022
"N",208684,3,"ODE","Feb 9, 2024",2/9/2024
"N",208684,4,"NCE","Feb 9, 2022",2/9/2022
"N",208684,4,"ODE","Feb 9, 2024",2/9/2024
"N",208685,1,"NCE","Feb 9, 2022",2/9/2022
"N",208685,1,"ODE","Feb 9, 2024",2/9/2024
"N",208692,1,"NCE","Nov 29, 2017",11/29/2017
"N",208692,1,"NP","Apr 25, 2019",4/25/2019
"N",208692,2,"NCE","Nov 29, 2017",11/29/2017
"N",208692,2,"NP","Apr 25, 2019",4/25/2019
"N",208692,3,"NCE","Nov 29, 2017",11/29/2017
"N",208692,3,"NP","Apr 25, 2019",4/25/2019
"N",208694,1,"NDF","May 30, 2020",5/30/2020
"N",208694,1,"PED","Nov 30, 2020",11/30/2020
"N",208716,1,"NCE","Sep 28, 2022",9/28/2022
"N",208716,2,"NCE","Sep 28, 2022",9/28/2022
"N",208716,3,"NCE","Sep 28, 2022",9/28/2022
"N",208716,4,"NCE","Sep 28, 2022",9/28/2022
"N",208743,1,"NCE","Apr 28, 2022",4/28/2022
"N",208745,1,"NCE","Jan 19, 2022",1/19/2022
"N",208751,1,"NP","Sep 29, 2020",9/29/2020
"N",208751,2,"NP","Sep 29, 2020",9/29/2020
"N",208772,1,"NCE","Apr 28, 2022",4/28/2022
"N",208772,1,"ODE","Apr 28, 2024",4/28/2024
"N",208772,2,"NCE","Apr 28, 2022",4/28/2022
"N",208772,2,"ODE","Apr 28, 2024",4/28/2024
"N",208780,1,"NCE","Oct 16, 2019",10/16/2019
"N",208780,1,"ODE","Oct 15, 2021",10/15/2021
"N",208780,2,"NCE","Oct 16, 2019",10/16/2019
"N",208780,2,"ODE","Oct 15, 2021",10/15/2021
"N",208780,3,"NCE","Oct 16, 2019",10/16/2019
"N",208780,3,"ODE","Oct 15, 2021",10/15/2021
"N",208791,1,"NP","Sep 26, 2020",9/26/2020
"N",208794,1,"NCE","Feb 28, 2022",2/28/2022
"N",208794,1,"ODE","Feb 28, 2024",2/28/2024
"N",208798,1,"NP","Jan 27, 2020",1/27/2020
"N",208798,2,"NP","Jan 27, 2020",1/27/2020
"N",208798,3,"NP","Jan 27, 2020",1/27/2020
"N",208799,1,"NP","Jan 27, 2020",1/27/2020
"N",208799,2,"NP","Jan 27, 2020",1/27/2020
"N",208799,3,"NP","Jan 27, 2020",1/27/2020
"N",208854,1,"NCE","Mar 23, 2022",3/23/2022
"N",208944,1,"NP","Aug 24, 2020",8/24/2020
"N",208944,2,"NP","Aug 24, 2020",8/24/2020
"N",208956,1,"NP","Jun 29, 2020",6/29/2020
"N",208956,1,"ODE","Jun 29, 2024",6/29/2024
"N",208984,1,"NP","Nov 4, 2019",11/4/2019
"N",209022,1,"NP","Sep 18, 2020",9/18/2020
"N",209091,1,"M-175","Apr 5, 2019",4/5/2019
"N",209091,1,"NC","Feb 27, 2020",2/27/2020
"N",209091,1,"NCE","Jan 8, 2019",1/8/2019
"N",209092,1,"NCE","Mar 13, 2022",3/13/2022
"N",209115,1,"NCE","Dec 19, 2021",12/19/2021
"N",209115,1,"ODE","Dec 19, 2023",12/19/2023
"N",209115,2,"NCE","Dec 19, 2021",12/19/2021
"N",209115,2,"ODE","Dec 19, 2023",12/19/2023
"N",209176,1,"NCE","May 5, 2022",5/5/2022
"N",209176,1,"ODE","May 5, 2024",5/5/2024
"N",209195,1,"NCE","Dec 6, 2018",12/6/2018
"N",209195,1,"NCE","Jul 18, 2022",7/18/2022
"N",209195,1,"NCE","Jun 28, 2021",6/28/2021
"N",209241,1,"NCE","Apr 11, 2022",4/11/2022
"N",209363,1,"GAIN","Sep 15, 2027",9/15/2027
"N",209363,1,"NCE","Sep 15, 2022",9/15/2022
"N",209394,1,"NCE","Aug 3, 2022",8/3/2022
"N",209401,1,"NP","Aug 3, 2020",8/3/2020
"N",209482,1,"NCE","Dec 18, 2018",12/18/2018
"N",209482,1,"NCE","May 10, 2018",5/10/2018
"N",209531,1,"NCE","Dec 23, 2021",12/23/2021
"N",209531,1,"ODE","Dec 23, 2023",12/23/2023
"N",209570,1,"NCE","Aug 29, 2022",8/29/2022
"N",209570,2,"NCE","Aug 29, 2022",8/29/2022
"N",209606,1,"NCE","Aug 1, 2022",8/1/2022
"N",209606,1,"ODE","Aug 1, 2024",8/1/2024
"N",209606,2,"NCE","Aug 1, 2022",8/1/2022
"N",209606,2,"ODE","Aug 1, 2024",8/1/2024
"N",209935,1,"NCE","Mar 13, 2022",3/13/2022
"N",209936,1,"NCE","Sep 14, 2022",9/14/2022
